ID	kingdom	clade	phylum	class	subclass	order	family	genus	species
TARA_PSW_86_MAG_00313	Metazoa	Opisthokonta	Arthropoda	Hexanauplia	Copepoda	Calanoida	Temoridae	Eurytemora	Eurytemora affinis
TARA_ION_45_MAG_00189	Metazoa	Opisthokonta	Arthropoda	Hexanauplia	Copepoda	Harpacticoida	Harpacticidae	Tigriopus	Tigriopus californicus
TARA_MED_95_MAG_00520	Metazoa	Opisthokonta	Arthropoda	Hexanauplia	Copepoda	Harpacticoida	Harpacticidae	Tigriopus	Tigriopus californicus
TARA_SOC_28_MAG_00074	.	.	.	Haptophyceae	.	Phaeocystales	Phaeocystaceae	Phaeocystis	Phaeocystis antarctica
TARA_MED_95_MAG_00472	Metazoa	Opisthokonta	Arthropoda	Hexanauplia	Copepoda	Calanoida	Temoridae	Eurytemora	Eurytemora affinis
TARA_MED_95_MAG_00456	Metazoa	Opisthokonta	Chordata	Mammalia	.	Rodentia	.	.	.
TARA_ION_45_MAG_00153	Viridiplantae	.	Chlorophyta	Mamiellophyceae	.	Mamiellales	Mamiellaceae	Micromonas	Micromonas pusilla
TARA_SOC_28_MAG_00063	.	Sar	Bacillariophyta	Coscinodiscophyceae	.	.	.	.	.
TARA_AON_82_MAG_00125	.	Sar	Bacillariophyta	Dictyochophyceae	.	Florenciellales	.	Florenciella	Florenciella parvula
TARA_ARC_108_MAG_00288	Metazoa	Opisthokonta	Arthropoda	Hexanauplia	Copepoda	Harpacticoida	Harpacticidae	Tigriopus	Tigriopus californicus
TARA_PON_109_MAG_00270	Metazoa	Opisthokonta	Arthropoda	Hexanauplia	Copepoda	Calanoida	Temoridae	Eurytemora	Eurytemora affinis
TARA_IOS_50_MAG_00136	Metazoa	Opisthokonta	Arthropoda	Hexanauplia	Copepoda	Harpacticoida	Harpacticidae	Tigriopus	Tigriopus californicus
Metagenome_centric_SAG_TOSAG46_2	.	Sar	Bacillariophyta	Bacillariophyceae	.	Bacillariales	Bacillariaceae	Fragilariopsis	Fragilariopsis kerguelensis
TARA_MED_95_MAG_00410	Metazoa	Opisthokonta	Arthropoda	Hexanauplia	Copepoda	Harpacticoida	Harpacticidae	Tigriopus	Tigriopus californicus
TARA_AOS_82_MAG_00147	.	.	Bacillariophyta	Coscinodiscophyceae	Thalassiosirophycidae	Thalassiosirales	Thalassiosiraceae	Thalassiosira	Thalassiosira antarctica
TARA_MED_95_MAG_00420	Metazoa	Opisthokonta	Chordata	Choanoflagellata	.	Acanthoecida	Acanthoecidae	Acanthoeca	Salpingoeca rosetta
TARA_IOS_50_MAG_00163	Metazoa	Opisthokonta	Chordata	Mammalia	.	.	.	.	.
TARA_SOC_28_MAG_00060	.	.	Bacillariophyta	Coscinodiscophyceae	Chaetocerotophycidae	Chaetocerotales	Chaetocerotaceae	Chaetoceros	Chaetoceros debilis
TARA_IOS_50_MAG_00135	.	.	.	Dictyochophyceae	.	Pelagomonadales	.	Florenciella	Florenciella parvula
TARA_MED_95_MAG_00433	.	.	.	Haptophyceae	.	Prymnesiales	Prymnesiaceae	Haptolina	Chrysochromulina rotalis
TARA_MED_95_MAG_00418	Metazoa	Opisthokonta	Arthropoda	Hexanauplia	Copepoda	Harpacticoida	Harpacticidae	Tigriopus	Tigriopus californicus
TARA_MED_95_MAG_00485	Metazoa	Opisthokonta	Arthropoda	Hexanauplia	Copepoda	Calanoida	Temoridae	Eurytemora	Eurytemora affinis
TARA_SOC_28_MAG_00072	.	Sar	.	Dinophyceae	.	Gonyaulacales	Gonyaulacaceae	Alexandrium	.
TARA_AOS_82_MAG_00140	.	.	.	Haptophyceae	.	Prymnesiales	Prymnesiaceae	Haptolina	Haptolina brevifila
TARA_AON_82_MAG_00012	Viridiplantae	.	Chlorophyta	Mamiellophyceae	.	Mamiellales	Bathycoccaceae	Ostreococcus	Ostreococcus sp. 'lucimarinus'
TARA_MED_95_MAG_00466	Metazoa	Opisthokonta	Arthropoda	Hexanauplia	Copepoda	Harpacticoida	Harpacticidae	Tigriopus	Tigriopus californicus
TARA_PSE_93_MAG_00226	.	.	.	Haptophyceae	.	Phaeocystales	Phaeocystaceae	Phaeocystis	Phaeocystis antarctica
TARA_PSE_93_MAG_00214	.	.	.	Chrysophyceae	.	Chromulinales	Paraphysomonadaceae	Paraphysomonas	Paraphysomonas bandaiensis
TARA_AON_82_MAG_00316	.	Sar	.	Dinophyceae	.	Gonyaulacales	Gonyaulacaceae	Alexandrium	Alexandrium tamarense
TARA_MED_95_MAG_00416	Metazoa	Opisthokonta	Arthropoda	Insecta	Pterygota	Diptera	.	.	.
TARA_ION_45_MAG_00159	Metazoa	Opisthokonta	Arthropoda	Hexanauplia	Copepoda	Harpacticoida	Harpacticidae	Tigriopus	Tigriopus californicus
TARA_MED_95_MAG_00413	.	Sar	.	Eustigmatophyceae	.	Eustigmatales	Monodopsidaceae	Nannochloropsis	Nannochloropsis gaditana
TARA_ION_45_MAG_00164	Metazoa	Opisthokonta	Arthropoda	Hexanauplia	Copepoda	Calanoida	Temoridae	Eurytemora	Eurytemora affinis
TARA_ION_45_MAG_00191	Metazoa	Opisthokonta	Arthropoda	Hexanauplia	Copepoda	Harpacticoida	Harpacticidae	Tigriopus	Tigriopus californicus
TARA_AOS_82_MAG_00159	Metazoa	Opisthokonta	Chordata	Ascidiacea	.	Phlebobranchia	Cionidae	Ciona	Ciona intestinalis
TARA_ARC_108_MAG_00232	.	.	Bacillariophyta	Coscinodiscophyceae	Chaetocerotophycidae	Chaetocerotales	Chaetocerotaceae	Chaetoceros	Chaetoceros affinis
TARA_MED_95_MAG_00463	Metazoa	Opisthokonta	Arthropoda	Branchiopoda	Phyllopoda	Diplostraca	Daphniidae	Daphnia	Daphnia magna
TARA_PSW_86_MAG_00279	.	.	.	Haptophyceae	.	Phaeocystales	Phaeocystaceae	Phaeocystis	Phaeocystis antarctica
TARA_ARC_108_MAG_00274	.	Sar	Ciliophora	Oligohymenophorea	Scuticociliatia	Hymenostomatida	Tetrahymenidae	Tetrahymena	Tetrahymena thermophila
TARA_AON_82_MAG_00343	Metazoa	Opisthokonta	Arthropoda	Hexanauplia	Copepoda	Calanoida	Temoridae	Eurytemora	Eurytemora affinis
TARA_AON_82_MAG_00320	Metazoa	Opisthokonta	Chordata	Aves	.	.	.	.	.
TARA_ION_45_MAG_00185	Metazoa	Opisthokonta	Chordata	Mammalia	.	Rodentia	.	.	.
TARA_ARC_108_MAG_00209	.	.	Bacillariophyta	Mediophyceae	Cymatosirophycidae	Cymatosirales	Cymatosiraceae	Minutocellus	Minutocellus polymorphus
TARA_PSE_93_MAG_00240	Metazoa	Opisthokonta	Chordata	Choanoflagellata	.	Craspedida	Salpingoecidae	Salpingoeca	Salpingoeca rosetta
TARA_ION_45_MAG_00186	Metazoa	Opisthokonta	Arthropoda	Hexanauplia	Copepoda	Harpacticoida	Harpacticidae	Tigriopus	Tigriopus californicus
TARA_MED_95_MAG_00445	.	Sar	Ciliophora	Oligohymenophorea	Scuticociliatia	Hymenostomatida	Tetrahymenidae	Tetrahymena	Tetrahymena thermophila
TARA_MED_95_MAG_00498	Metazoa	Opisthokonta	Arthropoda	Hexanauplia	Copepoda	Harpacticoida	Harpacticidae	Tigriopus	Tigriopus californicus
TARA_SOC_28_MAG_00048	.	Sar	Bacillariophyta	Coscinodiscophyceae	.	.	.	.	.
TARA_ARC_108_MAG_00228	.	.	Bacillariophyta	Bacillariophyceae	.	Bacillariales	Bacillariaceae	Pseudo-nitzschia	Pseudo-nitzschia australis
TARA_MED_95_MAG_00402	.	Sar	Cercozoa	Chlorarachniophyceae	.	.	.	Lotharella	Lotharella globosa
TARA_MED_95_MAG_00438	.	.	.	Haptophyceae	.	Phaeocystales	Phaeocystaceae	Phaeocystis	Phaeocystis antarctica
TARA_ARC_108_MAG_00244	.	.	Cryptophyta	.	.	Pyrenomonadales	Geminigeraceae	Geminigera	Geminigera cryophila
TARA_PON_109_MAG_00239	.	.	Bacillariophyta	Dictyochophyceae	.	Pedinellales	.	Florenciella	Pteridomonas danica
TARA_MED_95_MAG_00449	.	Sar	Bacillariophyta	Dictyochophyceae	.	Florenciellales	.	Florenciella	Florenciella parvula
TARA_PON_109_MAG_00274	Metazoa	Opisthokonta	Arthropoda	Hexanauplia	Copepoda	Calanoida	Temoridae	Eurytemora	Eurytemora affinis
TARA_AON_82_MAG_00334	.	.	.	Dictyochophyceae	.	Pelagomonadales	.	Florenciella	Florenciella parvula
TARA_ARC_108_MAG_00248	.	.	.	Haptophyceae	.	Phaeocystales	Phaeocystaceae	Phaeocystis	Phaeocystis antarctica
TARA_AOS_82_MAG_00170	Metazoa	Opisthokonta	Chordata	Ascidiacea	.	Phlebobranchia	Cionidae	Ciona	Ciona intestinalis
TARA_PSW_86_MAG_00292	Metazoa	Opisthokonta	Arthropoda	Hexanauplia	Copepoda	Calanoida	Temoridae	Eurytemora	Eurytemora affinis
TARA_ARC_108_MAG_00279	.	Sar	.	Dinophyceae	.	Gonyaulacales	Gonyaulacaceae	Alexandrium	.
TARA_MED_95_MAG_00479	Metazoa	Opisthokonta	Chordata	Mammalia	.	Rodentia	.	.	.
TARA_AOS_82_MAG_00182	.	.	.	Haptophyceae	.	Phaeocystales	Phaeocystaceae	Phaeocystis	Phaeocystis antarctica
TARA_MED_95_MAG_00436	Metazoa	Opisthokonta	Arthropoda	Hexanauplia	Copepoda	Calanoida	Temoridae	Eurytemora	Eurytemora affinis
TARA_AON_82_MAG_00319	Metazoa	Opisthokonta	Arthropoda	Hexanauplia	Copepoda	Calanoida	Temoridae	Eurytemora	Eurytemora affinis
TARA_IOS_50_MAG_00143	Metazoa	Opisthokonta	Arthropoda	Hexanauplia	Copepoda	Harpacticoida	Harpacticidae	Tigriopus	Tigriopus californicus
TARA_MED_95_MAG_00414	Metazoa	Opisthokonta	Arthropoda	Hexanauplia	Copepoda	Harpacticoida	Harpacticidae	Tigriopus	Tigriopus californicus
TARA_AON_82_MAG_00303	.	.	Cryptophyta	.	.	Pyrenomonadales	Geminigeraceae	Geminigera	Geminigera cryophila
TARA_PSW_86_MAG_00075	Viridiplantae	.	Chlorophyta	Mamiellophyceae	.	Mamiellales	Mamiellaceae	Micromonas	Micromonas pusilla
TARA_PSE_93_MAG_00229	Metazoa	Opisthokonta	Chordata	Mammalia	.	.	.	.	.
TARA_ION_45_MAG_00166	Metazoa	Opisthokonta	Arthropoda	Hexanauplia	Copepoda	Harpacticoida	Harpacticidae	Tigriopus	Tigriopus californicus
TARA_MED_95_MAG_00504	.	.	Bacillariophyta	Coscinodiscophyceae	Coscinodiscophycidae	Melosirales	Stephanopyxidaceae	Stephanopyxis	Stephanopyxis turris
TARA_RED_19_MAG_00043	Viridiplantae	.	Chlorophyta	Mamiellophyceae	.	Dolichomastigales	Pycnococcaceae	Pycnococcus	Pycnococcus provasolii
TARA_PON_109_MAG_00272	Metazoa	Opisthokonta	Chordata	Mammalia	.	Rodentia	.	.	.
TARA_PSW_86_MAG_00306	Metazoa	Opisthokonta	Chordata	Mammalia	.	Rodentia	.	.	.
TARA_PSW_86_MAG_00257	.	.	.	Pelagophyceae	.	Pelagomonadales	Chrysocystaceae	Aureococcus	Aureococcus anophagefferens
TARA_IOS_50_MAG_00158	.	Sar	Ciliophora	Spirotrichea	Choreotrichia	Tintinnida	Oxytrichidae	Schmidingerella	Schmidingerella taraikaensis
TARA_PON_109_MAG_00256	Metazoa	Opisthokonta	Arthropoda	Hexanauplia	Copepoda	Harpacticoida	Harpacticidae	Tigriopus	Tigriopus californicus
TARA_PSE_93_MAG_00090	Viridiplantae	.	Chlorophyta	Mamiellophyceae	.	Mamiellales	Bathycoccaceae	Bathycoccus	Bathycoccus prasinos
TARA_ION_45_MAG_00143	Viridiplantae	.	Chlorophyta	Mamiellophyceae	.	Mamiellales	Mamiellaceae	Micromonas	Micromonas pusilla
TARA_ARC_108_MAG_00271	Metazoa	Opisthokonta	Cnidaria	Anthozoa	Hexacorallia	Scleractinia	Aiptasiidae	Exaiptasia	Exaiptasia diaphana
TARA_MED_95_MAG_00423	.	Sar	Bacillariophyta	Dictyochophyceae	.	Florenciellales	.	Florenciella	Florenciella parvula
TARA_PON_109_MAG_00264	Metazoa	Opisthokonta	Arthropoda	Hexanauplia	Copepoda	Calanoida	Temoridae	Eurytemora	Eurytemora affinis
TARA_AON_82_MAG_00305	Metazoa	Opisthokonta	Arthropoda	Hexanauplia	Copepoda	Calanoida	Temoridae	Eurytemora	Eurytemora affinis
TARA_PSW_86_MAG_00320	Metazoa	Opisthokonta	Arthropoda	Hexanauplia	Copepoda	Harpacticoida	Harpacticidae	Tigriopus	Tigriopus californicus
Metagenome_centric_SAG_TOSAG41_24	.	Sar	Bacillariophyta	Coscinodiscophyceae	.	.	.	.	.
TARA_IOS_50_MAG_00161	Metazoa	Opisthokonta	Arthropoda	Hexanauplia	Copepoda	Harpacticoida	Harpacticidae	Tigriopus	Tigriopus californicus
TARA_ARC_108_MAG_00249	Metazoa	Opisthokonta	Arthropoda	Hexanauplia	Copepoda	Harpacticoida	Harpacticidae	Tigriopus	Tigriopus californicus
TARA_AOS_82_MAG_00161	.	.	.	Haptophyceae	.	Isochrysidales	Noelaerhabdaceae	Emiliania	Emiliania huxleyi
TARA_PSE_93_MAG_00267	.	.	.	Haptophyceae	.	Prymnesiales	Prymnesiaceae	Haptolina	Chrysochromulina rotalis
TARA_AOS_82_MAG_00137	Viridiplantae	.	Chlorophyta	Mamiellophyceae	.	Mamiellales	Mamiellaceae	Micromonas	Micromonas pusilla
TARA_PSW_86_MAG_00312	Metazoa	Opisthokonta	Arthropoda	Insecta	Pterygota	Diptera	.	.	.
TARA_MED_95_MAG_00442	.	.	.	Haptophyceae	.	Prymnesiales	Prymnesiaceae	Haptolina	Haptolina brevifila
TARA_SOC_28_MAG_00070	.	Sar	.	Dinophyceae	.	Gonyaulacales	Gonyaulacaceae	Alexandrium	.
TARA_IOS_50_MAG_00155	.	Sar	Ciliophora	Oligohymenophorea	Scuticociliatia	Hymenostomatida	Tetrahymenidae	Tetrahymena	Tetrahymena thermophila
TARA_PON_109_MAG_00268	Metazoa	Opisthokonta	Arthropoda	Hexanauplia	Copepoda	Harpacticoida	Harpacticidae	Tigriopus	Tigriopus californicus
TARA_AON_82_MAG_00310	.	Sar	.	Dinophyceae	.	Gonyaulacales	Gonyaulacaceae	Alexandrium	.
TARA_RED_19_MAG_00041	Metazoa	Opisthokonta	Arthropoda	Hexanauplia	Copepoda	Calanoida	Temoridae	Eurytemora	Eurytemora affinis
TARA_AOS_82_MAG_00172	.	.	.	Dinophyceae	.	Gonyaulacales	Gonyaulacaceae	Alexandrium	Lingulodinium polyedra
TARA_MED_95_MAG_00507	Metazoa	Opisthokonta	Chordata	Mammalia	.	Rodentia	.	.	.
TARA_AON_82_MAG_00292	.	.	.	Dinophyceae	.	Suessiales	Symbiodiniaceae	Symbiodinium	Symbiodinium sp.
TARA_MED_95_MAG_00506	Metazoa	Opisthokonta	Arthropoda	Hexanauplia	Copepoda	Calanoida	Temoridae	Eurytemora	Eurytemora affinis
TARA_RED_19_MAG_00051	Metazoa	Opisthokonta	Arthropoda	Hexanauplia	Copepoda	Harpacticoida	Harpacticidae	Tigriopus	Tigriopus californicus
TARA_SOC_28_MAG_00062	Metazoa	Opisthokonta	Chordata	Choanoflagellata	.	Acanthoecida	Acanthoecidae	Acanthoeca	Salpingoeca rosetta
TARA_RED_19_MAG_00049	Metazoa	Opisthokonta	Arthropoda	Hexanauplia	Copepoda	Calanoida	Temoridae	Eurytemora	Eurytemora affinis
TARA_IOS_50_MAG_00159	Metazoa	Opisthokonta	Chordata	Mammalia	.	Rodentia	.	.	.
TARA_PSE_93_MAG_00201	Viridiplantae	.	Chlorophyta	Mamiellophyceae	.	Dolichomastigales	Pycnococcaceae	Pycnococcus	Dolichomastix tenuilepis
TARA_AON_82_MAG_00354	.	.	.	Haptophyceae	.	Prymnesiales	Prymnesiaceae	Haptolina	Chrysochromulina rotalis
TARA_MED_95_MAG_00447	Viridiplantae	.	Chlorophyta	Mamiellophyceae	.	Mamiellales	Mamiellaceae	Micromonas	Micromonas pusilla
TARA_ARC_108_MAG_00305	.	.	.	Spirotrichea	Choreotrichia	Tintinnida	Pseudokeronopsidae	Pseudokeronopsis	Strombidium inclinatum
TARA_ION_45_MAG_00173	Metazoa	Opisthokonta	Arthropoda	Hexanauplia	Copepoda	Calanoida	Temoridae	Eurytemora	Eurytemora affinis
TARA_MED_95_MAG_00484	Metazoa	Opisthokonta	Arthropoda	Hexanauplia	Copepoda	Calanoida	Temoridae	Eurytemora	Eurytemora affinis
TARA_MED_95_MAG_00470	.	.	.	Chrysophyceae	.	Chromulinales	Paraphysomonadaceae	Paraphysomonas	Paraphysomonas bandaiensis
TARA_SOC_28_MAG_00059	.	.	.	Haptophyceae	.	Phaeocystales	Phaeocystaceae	Phaeocystis	Phaeocystis antarctica
TARA_ION_45_MAG_00180	Metazoa	Opisthokonta	Chordata	Actinopteri	Neopterygii	.	.	.	.
TARA_ARC_108_MAG_00302	.	Sar	Ciliophora	Spirotrichea	Oligotrichia	Sporadotrichida	Strombidiidae	Strombidium	Strombidium inclinatum
TARA_ION_45_MAG_00010	Viridiplantae	.	Chlorophyta	Mamiellophyceae	.	Mamiellales	Bathycoccaceae	Ostreococcus	Ostreococcus sp. 'lucimarinus'
TARA_ARC_108_MAG_00326	.	.	.	Haptophyceae	.	Prymnesiales	Prymnesiaceae	Haptolina	Chrysochromulina rotalis
TARA_MED_95_MAG_00467	.	Sar	Bacillariophyta	Coscinodiscophyceae	Chaetocerotophycidae	Chaetocerotales	Chaetocerotaceae	Chaetoceros	Chaetoceros neogracilis
TARA_MED_95_MAG_00518	Metazoa	Opisthokonta	Arthropoda	Hexanauplia	Copepoda	Calanoida	Temoridae	Eurytemora	Eurytemora affinis
TARA_MED_95_MAG_00476	Metazoa	Opisthokonta	Arthropoda	Hexanauplia	Copepoda	Harpacticoida	Harpacticidae	Tigriopus	Tigriopus californicus
TARA_PSW_86_MAG_00266	.	.	.	Haptophyceae	.	Prymnesiales	Prymnesiaceae	Chrysochromulina	Chrysochromulina rotalis
TARA_PON_109_MAG_00262	Metazoa	Opisthokonta	Arthropoda	Hexanauplia	Copepoda	Calanoida	Temoridae	Eurytemora	Eurytemora affinis
TARA_ARC_108_MAG_00294	.	Sar	Ciliophora	Spirotrichea	Oligotrichia	Sporadotrichida	Strombidiidae	Strombidium	Strombidium inclinatum
TARA_MED_95_MAG_00430	.	.	.	Haptophyceae	.	Isochrysidales	Noelaerhabdaceae	Emiliania	Emiliania huxleyi
TARA_MED_95_MAG_00464	.	Sar	.	Dinophyceae	.	Gonyaulacales	Gonyaulacaceae	Alexandrium	.
TARA_PON_109_MAG_00251	Metazoa	Opisthokonta	Arthropoda	Hexanauplia	Copepoda	Harpacticoida	Harpacticidae	Tigriopus	Tigriopus californicus
TARA_SOC_28_MAG_00058	Metazoa	Opisthokonta	Arthropoda	Hexanauplia	Copepoda	Calanoida	Temoridae	Eurytemora	Eurytemora affinis
TARA_IOS_50_MAG_00153	Metazoa	Opisthokonta	Arthropoda	Hexanauplia	Copepoda	Calanoida	Temoridae	Eurytemora	Eurytemora affinis
TARA_ARC_108_MAG_00100	Viridiplantae	.	Chlorophyta	Mamiellophyceae	.	Mamiellales	Mamiellaceae	Micromonas	Micromonas pusilla
TARA_ARC_108_MAG_00219	.	.	Bacillariophyta	Coscinodiscophyceae	Thalassiosirophycidae	Thalassiosirales	Thalassiosiraceae	Thalassiosira	Detonula confervacea
TARA_SOC_28_MAG_00079	.	Sar	.	Dinophyceae	.	Gonyaulacales	Gonyaulacaceae	Alexandrium	.
TARA_ION_45_MAG_00154	.	.	.	Haptophyceae	.	Phaeocystales	Phaeocystaceae	Phaeocystis	Phaeocystis antarctica
TARA_ARC_108_MAG_00241	.	Sar	Bacillariophyta	Coscinodiscophyceae	Coscinodiscophycidae	Melosirales	Stephanopyxidaceae	Stephanopyxis	Stephanopyxis turris
TARA_MED_95_MAG_00431	Metazoa	Opisthokonta	Arthropoda	Insecta	Pterygota	Diptera	.	.	.
TARA_PSW_86_MAG_00295	Viridiplantae	.	Chlorophyta	Mamiellophyceae	.	Mamiellales	Mamiellaceae	Mantoniella	Mantoniella antarctica
TARA_PSE_93_MAG_00255	.	.	Bacillariophyta	Coscinodiscophyceae	Coscinodiscophycidae	Melosirales	Stephanopyxidaceae	Stephanopyxis	Stephanopyxis turris
TARA_ARC_108_MAG_00224	.	.	.	Chrysophyceae	.	Chromulinales	Paraphysomonadaceae	Paraphysomonas	Paraphysomonas bandaiensis
TARA_AON_82_MAG_00271	Viridiplantae	.	Chlorophyta	Mamiellophyceae	.	Mamiellales	Bathycoccaceae	Bathycoccus	Bathycoccus prasinos
TARA_ION_45_MAG_00155	Metazoa	Opisthokonta	Arthropoda	Hexanauplia	Copepoda	Calanoida	Temoridae	Eurytemora	Eurytemora affinis
TARA_MED_95_MAG_00409	.	.	Bacillariophyta	Dictyochophyceae	.	Florenciellales	.	Florenciella	Florenciella parvula
TARA_ARC_108_MAG_00122	.	.	Bacillariophyta	Bacillariophyceae	.	Bacillariales	Bacillariaceae	Fragilariopsis	Fragilariopsis kerguelensis
TARA_AOS_82_MAG_00184	.	.	.	Haptophyceae	.	Prymnesiales	Prymnesiaceae	Haptolina	Haptolina brevifila
TARA_IOS_50_MAG_00065	Viridiplantae	.	Chlorophyta	Mamiellophyceae	.	Mamiellales	Mamiellaceae	Micromonas	Micromonas pusilla
TARA_IOS_50_MAG_00166	Metazoa	Opisthokonta	Arthropoda	Hexanauplia	Copepoda	Harpacticoida	Harpacticidae	Tigriopus	Tigriopus californicus
TARA_PSW_86_MAG_00314	.	Sar	.	Dinophyceae	.	Gonyaulacales	Gonyaulacaceae	Alexandrium	Alexandrium tamarense
TARA_PSW_86_MAG_00301	Metazoa	Opisthokonta	Arthropoda	Hexanauplia	Copepoda	Harpacticoida	Harpacticidae	Tigriopus	Tigriopus californicus
TARA_PON_109_MAG_00261	.	.	.	Dinophyceae	.	Gonyaulacales	Gonyaulacaceae	Alexandrium	Lingulodinium polyedra
TARA_AON_82_MAG_00356	.	.	.	Haptophyceae	.	Prymnesiales	Prymnesiaceae	Haptolina	Chrysochromulina rotalis
TARA_ARC_108_MAG_00290	Metazoa	Opisthokonta	Arthropoda	Hexanauplia	Copepoda	Calanoida	Temoridae	Eurytemora	Eurytemora affinis
TARA_MED_95_MAG_00443	.	.	.	Dictyochophyceae	.	Pelagomonadales	.	Florenciella	Florenciella parvula
TARA_PSE_93_MAG_00239	Metazoa	Opisthokonta	Arthropoda	Hexanauplia	Copepoda	Calanoida	Temoridae	Eurytemora	Eurytemora affinis
TARA_PSW_86_MAG_00319	Metazoa	Opisthokonta	Chordata	Mammalia	.	.	.	.	.
TARA_SOC_28_MAG_00075	.	Sar	.	Dinophyceae	.	Gonyaulacales	Gonyaulacaceae	Alexandrium	.
TARA_RED_19_MAG_00042	.	.	.	Haptophyceae	.	Prymnesiales	Prymnesiaceae	Prymnesium	Prymnesium polylepis
TARA_PSW_86_MAG_00274	.	Amoebozoa	Discosea	Flabellinia	.	Longamoebia	Vannellidae	Vannella	Stygamoeba regulata
TARA_PON_109_MAG_00267	Metazoa	Opisthokonta	Chordata	Mammalia	.	Rodentia	.	.	.
TARA_MED_95_MAG_00519	Metazoa	Opisthokonta	Arthropoda	Hexanauplia	Copepoda	Harpacticoida	Harpacticidae	Tigriopus	Tigriopus californicus
TARA_PON_109_MAG_00273	Metazoa	Opisthokonta	Arthropoda	Hexanauplia	Copepoda	Calanoida	Temoridae	Eurytemora	Eurytemora affinis
TARA_ION_45_MAG_00181	Metazoa	Opisthokonta	Arthropoda	Hexanauplia	Copepoda	Harpacticoida	Harpacticidae	Tigriopus	Tigriopus californicus
TARA_AON_82_MAG_00336	Metazoa	Opisthokonta	Arthropoda	Hexanauplia	Copepoda	Calanoida	Temoridae	Eurytemora	Eurytemora affinis
TARA_MED_95_MAG_00400	.	Sar	.	Dinophyceae	.	Gonyaulacales	Gonyaulacaceae	Alexandrium	.
Metagenome_centric_SAG_TOSAG00_10	.	Sar	Bacillariophyta	Coscinodiscophyceae	.	.	.	.	.
TARA_ARC_108_MAG_00309	.	Sar	Ciliophora	Spirotrichea	Oligotrichia	Sporadotrichida	Strombidiidae	Strombidium	Strombidium inclinatum
TARA_ION_45_MAG_00167	Metazoa	Opisthokonta	Arthropoda	Hexanauplia	Copepoda	Calanoida	Temoridae	Eurytemora	Eurytemora affinis
TARA_ARC_108_MAG_00259	.	.	.	Haptophyceae	.	Prymnesiales	Prymnesiaceae	Haptolina	Haptolina brevifila
TARA_ARC_108_MAG_00220	.	Sar	Bacillariophyta	Coscinodiscophyceae	Thalassiosirophycidae	Thalassiosirales	.	.	.
TARA_PSW_86_MAG_00105	Viridiplantae	.	Chlorophyta	Mamiellophyceae	.	Mamiellales	Mamiellaceae	Micromonas	Micromonas pusilla
TARA_ARC_108_MAG_00267	.	.	Bacillariophyta	Coscinodiscophyceae	Chaetocerotophycidae	Chaetocerotales	Chaetocerotaceae	Chaetoceros	Chaetoceros affinis
TARA_ASW_2018_MAG_00042	.	Sar	.	Dictyochophyceae	.	Florenciellales	Triparmaceae	Florenciella	Florenciella parvula
TARA_AON_82_MAG_00350	Metazoa	Opisthokonta	Arthropoda	Hexanauplia	Copepoda	Calanoida	Temoridae	Eurytemora	Eurytemora affinis
TARA_ARC_108_MAG_00272	.	.	Bacillariophyta	Dictyochophyceae	.	Pedinellales	.	Pseudopedinella	Pseudopedinella elastica
TARA_RED_19_MAG_00057	Metazoa	Opisthokonta	Arthropoda	Hexanauplia	Copepoda	Harpacticoida	Harpacticidae	Tigriopus	Tigriopus californicus
TARA_PSE_93_MAG_00199	Fungi	.	Ascomycota	Saccharomycetes	Thalassiosirophycidae	Saccharomycetales	Debaryomycetaceae	Debaryomyces	Debaryomyces hansenii
TARA_MED_95_MAG_00486	Metazoa	Opisthokonta	Chordata	Mammalia	.	.	.	.	.
TARA_ARC_108_MAG_00116	.	.	Bacillariophyta	Coscinodiscophyceae	Chaetocerotophycidae	Chaetocerotales	Chaetocerotaceae	Chaetoceros	Chaetoceros cf. neogracilis
TARA_MED_95_MAG_00521	Metazoa	Opisthokonta	Arthropoda	Branchiopoda	Phyllopoda	Diplostraca	Daphniidae	Daphnia	Daphnia magna
TARA_AOS_82_MAG_00162	.	.	.	Pelagophyceae	.	Pelagomonadales	.	Pelagococcus	Pelagococcus subviridis
TARA_RED_2018_MAG_00112	.	Sar	Bacillariophyta	Chrysophyceae	.	Chromulinales	Chromulinaceae	Paraphysomonas	Paraphysomonas bandaiensis
TARA_ARC_108_MAG_00304	Metazoa	Opisthokonta	Arthropoda	Insecta	Pterygota	Diptera	.	.	.
TARA_IOS_2018_MAG_00068	.	Prymnesiophyceae	Haptista	Haptophyta	.	Prymnesiales	Chrysochromulinaceae	Chrysochromulina	Chrysochromulina tobinii
TARA_ION_45_MAG_00196	Metazoa	Opisthokonta	Arthropoda	Hexanauplia	Copepoda	Harpacticoida	Harpacticidae	Tigriopus	Tigriopus californicus
TARA_PSE_93_MAG_00249	Metazoa	Opisthokonta	Arthropoda	Hexanauplia	Copepoda	Harpacticoida	Harpacticidae	Tigriopus	Tigriopus californicus
TARA_AOS_82_MAG_00173	Metazoa	Opisthokonta	Arthropoda	Branchiopoda	Phyllopoda	Diplostraca	Daphniidae	Daphnia	Daphnia magna
TARA_ARC_108_MAG_00123	.	.	.	Pelagophyceae	.	Pelagomonadales	.	Pelagomonas	Pelagomonas calceolata
TARA_MED_95_MAG_00509	Metazoa	Opisthokonta	Arthropoda	Hexanauplia	Copepoda	Harpacticoida	Harpacticidae	Tigriopus	Tigriopus californicus
TARA_ARC_108_MAG_00277	.	Sar	Ciliophora	Spirotrichea	Choreotrichia	Tintinnida	Oxytrichidae	Schmidingerella	Schmidingerella taraikaensis
TARA_MED_95_MAG_00396	.	.	Bacillariophyta	Dictyochophyceae	.	Pedinellales	.	Florenciella	Pteridomonas danica
TARA_AON_82_MAG_00348	Metazoa	Opisthokonta	Arthropoda	Hexanauplia	Copepoda	Calanoida	Temoridae	Eurytemora	Eurytemora affinis
TARA_ARC_108_MAG_00286	.	.	Bacillariophyta	Bacillariophyceae	.	Bacillariales	Bacillariaceae	Fragilariopsis	Fragilariopsis kerguelensis
TARA_RED_19_MAG_00058	Metazoa	Opisthokonta	Arthropoda	Hexanauplia	Copepoda	Calanoida	Temoridae	Eurytemora	Eurytemora affinis
TARA_MED_95_MAG_00378	.	Sar	Bacillariophyta	Coscinodiscophyceae	.	.	.	.	.
TARA_MED_95_MAG_00435	Metazoa	Opisthokonta	Chordata	Aves	.	.	.	.	.
TARA_ARC_108_MAG_00217	.	.	Bacillariophyta	Coscinodiscophyceae	Chaetocerotophycidae	Chaetocerotales	Chaetocerotaceae	Chaetoceros	Chaetoceros cf. neogracilis
TARA_RED_19_MAG_00050	Metazoa	Opisthokonta	Arthropoda	Hexanauplia	Copepoda	Harpacticoida	Harpacticidae	Tigriopus	Tigriopus californicus
TARA_PSW_86_MAG_00208	Viridiplantae	.	Chlorophyta	Mamiellophyceae	.	Dolichomastigales	Mamiellaceae	Micromonas	Dolichomastix tenuilepis
TARA_PSE_93_MAG_00259	Metazoa	Opisthokonta	Arthropoda	Hexanauplia	Copepoda	Calanoida	Temoridae	Eurytemora	Eurytemora affinis
TARA_ARC_108_MAG_00239	.	.	Bacillariophyta	Coscinodiscophyceae	Chaetocerotophycidae	Chaetocerotales	Attheyaceae	Attheya	Attheya septentrionalis
TARA_ASW_2018_MAG_00036	.	Prymnesiophyceae	Haptista	Haptophyta	.	Phaeocystales	Phaeocystaceae	Phaeocystis	Phaeocystis antarctica
TARA_MED_95_MAG_00198	Viridiplantae	.	Chlorophyta	Mamiellophyceae	.	Mamiellales	Bathycoccaceae	Bathycoccus	Bathycoccus prasinos
TARA_SOC_28_MAG_00055	.	.	.	Dinophyceae	.	Gonyaulacales	Gonyaulacaceae	Alexandrium	Lingulodinium polyedra
TARA_PSW_86_MAG_00222	.	.	Bacillariophyta	Bacillariophyceae	.	Bacillariales	Bacillariaceae	Pseudo-nitzschia	Pseudo-nitzschia fraudulenta
TARA_PSW_86_MAG_00283	.	.	.	Haptophyceae	.	Prymnesiales	Prymnesiaceae	Chrysochromulina	Chrysochromulina rotalis
TARA_ARC_108_MAG_00317	.	Sar	.	Dinophyceae	.	Gonyaulacales	Gonyaulacaceae	Alexandrium	Azadinium spinosum
TARA_PSE_93_MAG_00257	Metazoa	Opisthokonta	Chordata	Mammalia	.	.	.	.	.
TARA_ARC_108_MAG_00262	.	.	.	Dictyochophyceae	.	Florenciellales	.	Florenciella	Florenciella parvula
TARA_ARC_108_MAG_00265	Metazoa	Opisthokonta	Arthropoda	Hexanauplia	Copepoda	Calanoida	Temoridae	Eurytemora	Eurytemora affinis
Metagenome_centric_SAG_TOSAG23_6	.	Sar	Bacillariophyta	Coscinodiscophyceae	Coscinodiscophycidae	Melosirales	Stephanopyxidaceae	Stephanopyxis	Stephanopyxis turris
TARA_PON_109_MAG_00266	Metazoa	Opisthokonta	Chordata	Mammalia	.	Rodentia	.	.	.
TARA_ARC_108_MAG_00311	.	Sar	Ciliophora	Spirotrichea	Choreotrichia	Tintinnida	Oxytrichidae	Schmidingerella	Schmidingerella taraikaensis
TARA_MED_95_MAG_00497	Metazoa	Opisthokonta	Arthropoda	Hexanauplia	Copepoda	Calanoida	Temoridae	Eurytemora	Eurytemora affinis
TARA_AOS_82_MAG_00169	Metazoa	Opisthokonta	Arthropoda	Hexanauplia	Copepoda	Harpacticoida	Harpacticidae	Tigriopus	Tigriopus californicus
TARA_PSE_93_MAG_00244	Metazoa	Opisthokonta	Arthropoda	Hexanauplia	Copepoda	Calanoida	Temoridae	Eurytemora	Eurytemora affinis
TARA_MED_95_MAG_00499	Metazoa	Opisthokonta	Arthropoda	Hexanauplia	Copepoda	Harpacticoida	Harpacticidae	Tigriopus	Tigriopus californicus
TARA_PSE_93_MAG_00202	Metazoa	Opisthokonta	Arthropoda	Hexanauplia	Copepoda	Harpacticoida	Harpacticidae	Tigriopus	Tigriopus californicus
TARA_MED_95_MAG_00455	Metazoa	Opisthokonta	Chordata	Mammalia	.	.	.	.	.
TARA_AON_82_MAG_00189	Viridiplantae	.	Chlorophyta	Mamiellophyceae	.	Mamiellales	Pycnococcaceae	Pycnococcus	Pycnococcus provasolii
TARA_PSW_86_MAG_00236	.	.	Bacillariophyta	Bacillariophyceae	.	Bacillariales	Bacillariaceae	Pseudo-nitzschia	Pseudo-nitzschia fraudulenta
TARA_SOC_28_MAG_00049	.	Sar	Bacillariophyta	Coscinodiscophyceae	Thalassiosirophycidae	Thalassiosirales	Thalassiosiraceae	Thalassiosira	Thalassiosira oceanica
TARA_ARC_108_MAG_00188	.	Sar	Bacillariophyta	Coscinodiscophyceae	Thalassiosirophycidae	Thalassiosirales	.	.	.
TARA_PSE_93_MAG_00228	Viridiplantae	.	Chlorophyta	Mamiellophyceae	.	Mamiellales	Mamiellaceae	Dolichomastix	Dolichomastix tenuilepis
TARA_SOC_28_MAG_00050	.	Sar	Bacillariophyta	Coscinodiscophyceae	Coscinodiscophycidae	Melosirales	Stephanopyxidaceae	Stephanopyxis	Stephanopyxis turris
TARA_IOS_50_MAG_00154	Metazoa	Opisthokonta	Arthropoda	Hexanauplia	Copepoda	Calanoida	Temoridae	Eurytemora	Eurytemora affinis
TARA_PON_109_MAG_00276	Metazoa	Opisthokonta	Arthropoda	Hexanauplia	Copepoda	Harpacticoida	Harpacticidae	Tigriopus	Tigriopus californicus
TARA_AON_82_MAG_00097	Viridiplantae	.	Chlorophyta	Mamiellophyceae	.	Mamiellales	Mamiellaceae	Micromonas	Micromonas pusilla
TARA_MED_95_MAG_00465	Metazoa	Opisthokonta	Chordata	Aves	.	.	.	.	.
TARA_AON_82_MAG_00290	Metazoa	Opisthokonta	Arthropoda	Hexanauplia	Copepoda	Harpacticoida	Harpacticidae	Tigriopus	Tigriopus californicus
TARA_IOS_50_MAG_00142	.	.	.	Haptophyceae	.	Phaeocystales	Phaeocystaceae	Phaeocystis	Phaeocystis antarctica
TARA_MED_95_MAG_00492	.	.	.	Haptophyceae	.	Phaeocystales	Phaeocystaceae	Phaeocystis	Phaeocystis antarctica
TARA_ARC_108_MAG_00278	.	Sar	.	Dinophyceae	.	Gonyaulacales	Gonyaulacaceae	Alexandrium	.
TARA_ARC_108_MAG_00273	.	Sar	Ciliophora	Spirotrichea	Choreotrichia	Tintinnida	Oxytrichidae	Schmidingerella	Schmidingerella taraikaensis
TARA_MED_95_MAG_00478	Metazoa	Opisthokonta	Arthropoda	Insecta	Pterygota	Hymenoptera	Formicidae	.	.
TARA_ARC_108_MAG_00319	.	.	.	Haptophyceae	.	Phaeocystales	Phaeocystaceae	Phaeocystis	Phaeocystis antarctica
TARA_MED_95_MAG_00393	.	.	.	Haptophyceae	.	Isochrysidales	Isochrysidaceae	Isochrysis	Isochrysis galbana
TARA_MED_95_MAG_00408	.	Sar	Bacillariophyta	Dictyochophyceae	.	Florenciellales	.	Florenciella	Florenciella parvula
TARA_PSE_93_MAG_00251	Metazoa	Opisthokonta	Arthropoda	Hexanauplia	Copepoda	Calanoida	Temoridae	Eurytemora	Eurytemora affinis
TARA_AOS_82_MAG_00185	.	.	Bacillariophyta	Dictyochophyceae	.	Pedinellales	.	Florenciella	Pseudopedinella elastica
TARA_RED_19_MAG_00045	Metazoa	Opisthokonta	Arthropoda	Hexanauplia	Copepoda	Harpacticoida	Harpacticidae	Tigriopus	Tigriopus californicus
TARA_MED_95_MAG_00389	.	.	.	Chrysophyceae	.	Chromulinales	Paraphysomonadaceae	Paraphysomonas	Paraphysomonas bandaiensis
TARA_PSE_93_MAG_00203	.	Prymnesiophyceae	Haptista	Haptophyta	.	Isochrysidales	Isochrysidaceae	Isochrysis	Chrysotila carterae
TARA_PSW_86_MAG_00285	.	.	.	Haptophyceae	.	Prymnesiales	Prymnesiaceae	Haptolina	Haptolina brevifila
TARA_PSE_93_MAG_00213	.	.	Bacillariophyta	Bacillariophyceae	.	Bacillariales	Bacillariaceae	Pseudo-nitzschia	Pseudo-nitzschia fraudulenta
TARA_PSW_86_MAG_00267	Metazoa	Opisthokonta	Chordata	Aves	.	.	.	.	.
TARA_PSW_86_MAG_00318	.	.	.	Haptophyceae	.	Prymnesiales	Prymnesiaceae	Haptolina	Chrysochromulina rotalis
TARA_AOS_82_MAG_00163	.	Sar	.	Dinophyceae	.	Gonyaulacales	Gonyaulacaceae	Alexandrium	.
TARA_AON_82_MAG_00325	Metazoa	Opisthokonta	Arthropoda	Hexanauplia	Copepoda	Calanoida	Temoridae	Eurytemora	Eurytemora affinis
TARA_PSW_86_MAG_00308	Metazoa	Opisthokonta	Chordata	Mammalia	.	.	.	.	.
Metagenome_centric_SAG_TOSAG41_11	.	Sar	.	Dinophyceae	.	Syndiniales	Amoebophryaceae	Amoebophrya	Amoebophrya sp.
TARA_ARC_108_MAG_00137	.	.	Bacillariophyta	Bacillariophyceae	.	Bacillariales	Bacillariaceae	Pseudo-nitzschia	Pseudo-nitzschia fraudulenta
TARA_PSE_2018_MAG_00136	.	Prymnesiophyceae	Haptista	Haptophyta	.	Phaeocystales	Phaeocystaceae	Phaeocystis	Phaeocystis antarctica
TARA_ION_45_MAG_00170	.	.	.	Chrysophyceae	.	Chromulinales	Paraphysomonadaceae	Paraphysomonas	Paraphysomonas bandaiensis
TARA_ARC_108_MAG_00236	.	.	.	Dinophyceae	.	Gonyaulacales	Gonyaulacaceae	Alexandrium	Lingulodinium polyedra
TARA_PON_109_MAG_00265	Metazoa	Opisthokonta	Arthropoda	Hexanauplia	Copepoda	Calanoida	Temoridae	Eurytemora	Eurytemora affinis
TARA_MED_95_MAG_00458	.	.	.	Haptophyceae	.	Prymnesiales	Prymnesiaceae	Chrysochromulina	Chrysochromulina rotalis
TARA_PON_109_MAG_00269	Metazoa	Opisthokonta	Arthropoda	Hexanauplia	Copepoda	Calanoida	Temoridae	Eurytemora	Eurytemora affinis
TARA_MED_95_MAG_00439	.	.	.	Haptophyceae	.	Prymnesiales	Prymnesiaceae	Prymnesium	Prymnesium polylepis
TARA_ARC_108_MAG_00252	.	.	Bacillariophyta	Coscinodiscophyceae	Thalassiosirophycidae	Thalassiosirales	Thalassiosiraceae	Thalassiosira	Thalassiosira antarctica
TARA_PSW_86_MAG_00260	Viridiplantae	.	Chlorophyta	Mamiellophyceae	.	Dolichomastigales	Pycnococcaceae	Pycnococcus	.
TARA_AON_82_MAG_00344	Metazoa	Opisthokonta	Arthropoda	Insecta	Pterygota	Hymenoptera	Formicidae	.	.
TARA_ARC_108_MAG_00221	.	.	Bacillariophyta	Bolidophyceae	Chaetocerotophycidae	Chaetocerotales	Leptocylindraceae	Bolidomonas	Leptocylindrus danicus
TARA_PSW_86_MAG_00315	Metazoa	Opisthokonta	Chordata	Aves	.	.	.	.	.
TARA_ION_45_MAG_00176	Metazoa	Opisthokonta	Chordata	Mammalia	.	Rodentia	.	.	.
TARA_AON_82_MAG_00302	.	.	Cryptophyta	.	.	Pyrenomonadales	Geminigeraceae	Geminigera	Geminigera cryophila
TARA_AON_82_MAG_00353	Metazoa	Opisthokonta	Arthropoda	Hexanauplia	Copepoda	Harpacticoida	Harpacticidae	Tigriopus	Tigriopus californicus
TARA_PSE_93_MAG_00200	Viridiplantae	.	Chlorophyta	Mamiellophyceae	.	Pyramimonadales	Pycnococcaceae	Pycnococcus	.
TARA_AOS_82_MAG_00176	.	.	Bacillariophyta	Bacillariophyceae	.	Bacillariales	Bacillariaceae	Fragilariopsis	Fragilariopsis kerguelensis
TARA_AON_82_MAG_00284	.	.	.	Heterotrichea	Protocruziidia	Heterotrichida	Climacostomidae	Climacostomum	Climacostomum virens
TARA_IOS_50_MAG_00132	Metazoa	Opisthokonta	Arthropoda	Hexanauplia	Copepoda	Harpacticoida	Harpacticidae	Tigriopus	Tigriopus californicus
TARA_PSW_86_MAG_00310	Metazoa	Opisthokonta	Arthropoda	Insecta	Pterygota	Hymenoptera	Formicidae	.	.
TARA_PSW_86_MAG_00291	.	.	.	Dinophyceae	.	Suessiales	Symbiodiniaceae	Symbiodinium	Symbiodinium sp.
TARA_MED_95_MAG_00473	Metazoa	Opisthokonta	Mollusca	Bivalvia	Autobranchia	Ostreida	Ostreidae	Crassostrea	Mizuhopecten yessoensis
TARA_ARC_108_MAG_00222	.	.	Bacillariophyta	Bacillariophyceae	.	Bacillariales	Bacillariaceae	Cylindrotheca	Cylindrotheca closterium
TARA_MED_95_MAG_00508	Metazoa	Opisthokonta	Arthropoda	Hexanauplia	Copepoda	Harpacticoida	Harpacticidae	Tigriopus	Tigriopus californicus
TARA_MED_95_MAG_00477	Metazoa	Opisthokonta	Arthropoda	Hexanauplia	Copepoda	Calanoida	Temoridae	Eurytemora	Eurytemora affinis
TARA_PSE_93_MAG_00227	.	Sar	.	Dinophyceae	.	Gonyaulacales	Gonyaulacaceae	Alexandrium	.
TARA_IOS_50_MAG_00149	.	Sar	Bacillariophyta	Dictyochophyceae	.	Florenciellales	.	Florenciella	Florenciella parvula
TARA_PSW_86_MAG_00284	.	.	.	Haptophyceae	.	Phaeocystales	Phaeocystaceae	Phaeocystis	Phaeocystis antarctica
TARA_PSE_93_MAG_00207	.	.	Bacillariophyta	Dictyochophyceae	.	Pedinellales	.	Florenciella	Florenciella parvula
TARA_PSE_93_MAG_00268	Metazoa	Opisthokonta	Arthropoda	Hexanauplia	Copepoda	Harpacticoida	Harpacticidae	Tigriopus	Tigriopus californicus
TARA_PSE_93_MAG_00238	Metazoa	Opisthokonta	Arthropoda	Hexanauplia	Copepoda	Harpacticoida	Harpacticidae	Tigriopus	Tigriopus californicus
TARA_ARC_108_MAG_00243	.	Sar	Bacillariophyta	Coscinodiscophyceae	.	.	.	.	.
TARA_MED_95_MAG_00362	.	.	.	Chrysophyceae	.	Chromulinales	Chromulinaceae	Paraphysomonas	Paraphysomonas bandaiensis
TARA_ASE_2018_MAG_00032	Viridiplantae	.	Chlorophyta	Mamiellophyceae	.	Mamiellales	Mamiellaceae	Micromonas	Micromonas commoda
TARA_AOS_82_MAG_00177	Metazoa	Opisthokonta	Chordata	Mammalia	.	Rodentia	.	.	.
Metagenome_centric_SAG_TOSAG39_4	.	Sar	Bacillariophyta	Bacillariophyceae	.	Bacillariales	Bacillariaceae	Fragilariopsis	Fragilariopsis cylindrus
TARA_ARC_108_MAG_00187	.	.	Bacillariophyta	Bacillariophyceae	.	Bacillariales	Bacillariaceae	Fragilariopsis	Fragilariopsis kerguelensis
TARA_ION_45_MAG_00182	Metazoa	Opisthokonta	Arthropoda	Hexanauplia	Copepoda	Harpacticoida	Harpacticidae	Tigriopus	Tigriopus californicus
TARA_MED_95_MAG_00405	Metazoa	Opisthokonta	Arthropoda	Hexanauplia	Copepoda	Harpacticoida	Harpacticidae	Tigriopus	Tigriopus californicus
TARA_ARC_108_MAG_00323	.	.	.	Haptophyceae	.	Prymnesiales	Prymnesiaceae	Haptolina	Haptolina brevifila
TARA_PSE_93_MAG_00017	Viridiplantae	.	Chlorophyta	Mamiellophyceae	.	Mamiellales	Bathycoccaceae	Bathycoccus	Bathycoccus prasinos
TARA_AON_82_MAG_00352	Metazoa	Opisthokonta	Arthropoda	Hexanauplia	Copepoda	Harpacticoida	Harpacticidae	Tigriopus	Tigriopus californicus
TARA_AOS_82_MAG_00179	Metazoa	Opisthokonta	Arthropoda	Hexanauplia	Copepoda	Calanoida	Temoridae	Eurytemora	Eurytemora affinis
TARA_PON_109_MAG_00260	Metazoa	Opisthokonta	Arthropoda	Hexanauplia	Copepoda	Calanoida	Temoridae	Eurytemora	Eurytemora affinis
TARA_ARC_108_MAG_00281	.	Sar	.	Dinophyceae	.	Gonyaulacales	Gonyaulacaceae	Alexandrium	.
TARA_ARC_108_MAG_00250	Metazoa	Opisthokonta	Chordata	Choanoflagellata	.	Acanthoecida	Acanthoecidae	Acanthoeca	Salpingoeca rosetta
TARA_IOS_50_MAG_00152	Metazoa	Opisthokonta	Arthropoda	Hexanauplia	Copepoda	Calanoida	Temoridae	Eurytemora	Eurytemora affinis
TARA_RED_19_MAG_00055	Metazoa	Opisthokonta	Arthropoda	Hexanauplia	Copepoda	Calanoida	Temoridae	Eurytemora	Eurytemora affinis
TARA_ARC_108_MAG_00316	Metazoa	Opisthokonta	Chordata	Mammalia	.	.	.	.	.
TARA_IOS_50_MAG_00125	.	.	Bacillariophyta	Bacillariophyceae	.	Bacillariales	Bacillariaceae	Fragilariopsis	Fragilariopsis kerguelensis
TARA_ARC_108_MAG_00325	.	Sar	.	Dinophyceae	.	Gonyaulacales	Gonyaulacaceae	Alexandrium	Lingulodinium polyedra
TARA_SOC_28_MAG_00064	.	.	.	Haptophyceae	.	Phaeocystales	Phaeocystaceae	Phaeocystis	Phaeocystis antarctica
TARA_MED_95_MAG_00398	.	.	.	Chrysophyceae	.	Chromulinales	Paraphysomonadaceae	Paraphysomonas	Paraphysomonas bandaiensis
TARA_RED_19_MAG_00053	Metazoa	Opisthokonta	Arthropoda	Hexanauplia	Copepoda	Harpacticoida	Harpacticidae	Tigriopus	Tigriopus californicus
TARA_AON_82_MAG_00315	.	.	.	Haptophyceae	.	Prymnesiales	Prymnesiaceae	Haptolina	Haptolina brevifila
TARA_IOS_50_MAG_00150	Metazoa	Opisthokonta	Chordata	Mammalia	.	.	.	.	.
TARA_PON_109_MAG_00124	Viridiplantae	.	Chlorophyta	Nephroselmidophyceae	.	Dolichomastigales	Pycnococcaceae	Pycnococcus	Nephroselmis pyriformis
TARA_PON_109_MAG_00263	Metazoa	Opisthokonta	Arthropoda	Insecta	Pterygota	Diptera	.	.	.
TARA_MED_95_MAG_00493	Metazoa	Opisthokonta	Arthropoda	Hexanauplia	Copepoda	Harpacticoida	Harpacticidae	Tigriopus	Tigriopus californicus
TARA_ARC_108_MAG_00300	Metazoa	Opisthokonta	Echinodermata	Asteroidea	Euechinoidea	Valvatida	Acanthasteridae	Acanthaster	Acanthaster planci
TARA_ARC_108_MAG_00275	.	.	.	Haptophyceae	.	Isochrysidales	Noelaerhabdaceae	Emiliania	Emiliania huxleyi
TARA_PSE_93_MAG_00248	Metazoa	Opisthokonta	Chordata	Mammalia	.	Rodentia	.	.	.
TARA_MED_95_MAG_00422	.	.	.	Chrysophyceae	.	Chromulinales	Paraphysomonadaceae	Paraphysomonas	Paraphysomonas bandaiensis
TARA_MED_95_MAG_00397	.	Sar	Bacillariophyta	Coscinodiscophyceae	.	.	.	.	.
TARA_PSW_86_MAG_00160	Viridiplantae	.	Chlorophyta	Trebouxiophyceae	.	.	Pycnococcaceae	Picochlorum	.
TARA_SOC_28_MAG_00065	.	Sar	.	Dinophyceae	.	Gonyaulacales	Gonyaulacaceae	Alexandrium	.
TARA_MED_95_MAG_00395	.	.	.	Haptophyceae	.	Prymnesiales	Chrysochromulinaceae	Chrysochromulina	Chrysochromulina rotalis
TARA_AON_82_MAG_00272	.	Sar	Bacillariophyta	Coscinodiscophyceae	.	.	.	.	.
TARA_MED_95_MAG_00516	.	Sar	Ciliophora	Spirotrichea	Choreotrichia	Tintinnida	Oxytrichidae	Schmidingerella	Schmidingerella taraikaensis
TARA_PSE_93_MAG_00252	Metazoa	Opisthokonta	Arthropoda	Hexanauplia	Copepoda	Harpacticoida	Harpacticidae	Tigriopus	Tigriopus californicus
TARA_ION_45_MAG_00178	Metazoa	Opisthokonta	Arthropoda	Hexanauplia	Copepoda	Calanoida	Temoridae	Eurytemora	Eurytemora affinis
Metagenome_centric_SAG_TOSAG39_6	.	Sar	.	Dinophyceae	.	Oxyrrhinales	Oxyrrhinaceae	Oxyrrhis	Oxyrrhis marina
TARA_ION_45_MAG_00179	Metazoa	Opisthokonta	Arthropoda	Hexanauplia	Copepoda	Calanoida	Temoridae	Eurytemora	Eurytemora affinis
TARA_AON_82_MAG_00137	.	Sar	Bacillariophyta	Coscinodiscophyceae	.	.	.	.	.
TARA_AON_82_MAG_00300	Viridiplantae	.	Chlorophyta	Chlorodendrophyceae	.	Chlorodendrales	Chlorodendraceae	Tetraselmis	Tetraselmis striata
TARA_ION_45_MAG_00172	Metazoa	Opisthokonta	Chordata	Mammalia	.	Rodentia	.	.	.
TARA_ARC_108_MAG_00247	Metazoa	Opisthokonta	Chordata	Choanoflagellata	.	Acanthoecida	Acanthoecidae	Acanthoeca	Salpingoeca rosetta
TARA_PSW_86_MAG_00261	.	.	Bacillariophyta	Coscinodiscophyceae	Thalassiosirophycidae	Thalassiosirales	Thalassiosiraceae	Thalassiosira	Thalassiosira oceanica
TARA_ARC_108_MAG_00280	Metazoa	Opisthokonta	Arthropoda	Hexanauplia	Copepoda	Harpacticoida	Harpacticidae	Tigriopus	Tigriopus californicus
TARA_IOS_50_MAG_00139	Metazoa	Opisthokonta	Arthropoda	Hexanauplia	Copepoda	Harpacticoida	Harpacticidae	Tigriopus	Tigriopus californicus
TARA_ARC_108_MAG_00282	Metazoa	Opisthokonta	Arthropoda	Hexanauplia	Copepoda	Harpacticoida	Harpacticidae	Tigriopus	Tigriopus californicus
TARA_ARC_108_MAG_00318	Metazoa	Opisthokonta	Chordata	Mammalia	.	Rodentia	.	.	.
TARA_PSW_86_MAG_00303	.	.	Cryptophyta	.	.	Pyrenomonadales	Geminigeraceae	Geminigera	Geminigera cryophila
TARA_AON_82_MAG_00198	Viridiplantae	.	Chlorophyta	Trebouxiophyceae	.	Chlorodendrales	Chlorodendraceae	Picochlorum	Picochlorum oklahomense
TARA_AON_82_MAG_00349	Metazoa	Opisthokonta	Arthropoda	Hexanauplia	Copepoda	Calanoida	Temoridae	Eurytemora	Eurytemora affinis
TARA_SOC_28_MAG_00076	.	Sar	Ciliophora	Spirotrichea	Choreotrichia	Tintinnida	Oxytrichidae	Schmidingerella	Schmidingerella taraikaensis
TARA_ARC_108_MAG_00292	Metazoa	Opisthokonta	Arthropoda	Insecta	Pterygota	Diptera	.	.	.
TARA_PSW_86_MAG_00272	.	Prymnesiophyceae	Haptista	Haptophyta	.	Isochrysidales	Isochrysidaceae	Prymnesium	Chrysotila carterae
TARA_MED_95_MAG_00425	.	.	Bacillariophyta	Dictyochophyceae	.	Pedinellales	.	Pseudopedinella	Pseudopedinella elastica
TARA_MED_95_MAG_00494	Metazoa	Opisthokonta	Arthropoda	Hexanauplia	Copepoda	Calanoida	Temoridae	Eurytemora	Eurytemora affinis
TARA_ARC_108_MAG_00321	.	Sar	Ciliophora	Spirotrichea	Choreotrichia	Tintinnida	Rhabdonellidae	Schmidingerella	Schmidingerella taraikaensis
TARA_AOS_82_MAG_00167	Metazoa	Opisthokonta	Chordata	Mammalia	.	.	.	.	.
TARA_IOS_50_MAG_00138	Metazoa	Opisthokonta	Arthropoda	Hexanauplia	Copepoda	Calanoida	Temoridae	Eurytemora	Eurytemora affinis
TARA_PSE_93_MAG_00230	Metazoa	Opisthokonta	Arthropoda	Hexanauplia	Copepoda	Harpacticoida	Harpacticidae	Tigriopus	Tigriopus californicus
TARA_PSW_86_MAG_00275	.	.	.	Haptophyceae	.	Prymnesiales	Prymnesiaceae	Chrysochromulina	Chrysochromulina rotalis
TARA_PSE_93_MAG_00171	.	.	Bacillariophyta	Coscinodiscophyceae	Chaetocerotophycidae	Chaetocerotales	Chaetocerotaceae	Chaetoceros	Chaetoceros cf. neogracilis
TARA_ION_45_MAG_00200	Viridiplantae	.	Chlorophyta	Chlorophyceae	.	Chlamydomonadales	Chlamydomonadaceae	Tetraselmis	Chlamydomonas leiostraca
TARA_AOS_82_MAG_00174	Metazoa	Opisthokonta	Arthropoda	Hexanauplia	Copepoda	Harpacticoida	Harpacticidae	Tigriopus	Tigriopus californicus
TARA_MED_95_MAG_00273	.	Sar	Bacillariophyta	Dictyochophyceae	.	Florenciellales	.	Florenciella	Florenciella parvula
TARA_AOS_82_MAG_00160	Metazoa	Opisthokonta	Arthropoda	Hexanauplia	Copepoda	Calanoida	Temoridae	Eurytemora	Eurytemora affinis
Metagenome_centric_SAG_TOSAG48_3	.	Sar	.	Dinophyceae	.	Syndiniales	Amoebophryaceae	Amoebophrya	Amoebophrya sp.
TARA_PSE_93_MAG_00236	Viridiplantae	.	Chlorophyta	Mamiellophyceae	.	Dolichomastigales	Dolichomastigaceae	Dolichomastix	Dolichomastix tenuilepis
TARA_MED_95_MAG_00483	Metazoa	Opisthokonta	Arthropoda	Hexanauplia	Copepoda	Harpacticoida	Harpacticidae	Tigriopus	Tigriopus californicus
TARA_RED_19_MAG_00059	Metazoa	Opisthokonta	Arthropoda	Hexanauplia	Copepoda	Harpacticoida	Harpacticidae	Tigriopus	Tigriopus californicus
TARA_IOS_50_MAG_00144	.	Amoebozoa	Discosea	Flabellinia	.	Dactylopodida	Vannellidae	Vannella	Vannella sp. CB-2014
TARA_PSE_93_MAG_00215	Metazoa	Opisthokonta	Chordata	Ascidiacea	.	Phlebobranchia	Cionidae	Ciona	Ciona intestinalis
TARA_PSE_93_MAG_00220	Viridiplantae	.	Chlorophyta	Mamiellophyceae	.	Dolichomastigales	Dolichomastigaceae	Dolichomastix	Dolichomastix tenuilepis
TARA_AON_82_MAG_00278	.	.	.	Haptophyceae	.	Prymnesiales	Prymnesiaceae	Haptolina	Chrysochromulina rotalis
TARA_MED_95_MAG_00434	.	.	.	Chrysophyceae	.	Chromulinales	Paraphysomonadaceae	Paraphysomonas	Paraphysomonas bandaiensis
Metagenome_centric_SAG_TOSAG41_10	.	Sar	.	Dinophyceae	.	Syndiniales	Amoebophryaceae	Amoebophrya	Amoebophrya sp.
TARA_MED_95_MAG_00475	.	.	.	Dictyochophyceae	.	Florenciellales	.	Florenciella	Florenciella parvula
TARA_MED_95_MAG_00441	Metazoa	Opisthokonta	Arthropoda	Hexanauplia	Copepoda	Harpacticoida	Harpacticidae	Tigriopus	Tigriopus californicus
TARA_PSE_93_MAG_00182	Viridiplantae	.	Chlorophyta	Nephroselmidophyceae	.	Dolichomastigales	Pycnococcaceae	Pycnococcus	Nephroselmis pyriformis
TARA_ARC_108_MAG_00264	Viridiplantae	.	Chlorophyta	Mamiellophyceae	.	Mamiellales	Bathycoccaceae	Bathycoccus	Bathycoccus prasinos
TARA_AON_82_MAG_00118	Viridiplantae	.	Chlorophyta	Mamiellophyceae	.	Mamiellales	Mamiellaceae	Micromonas	Micromonas pusilla
TARA_IOS_50_MAG_00137	.	Sar	Ciliophora	Oligohymenophorea	Scuticociliatia	Hymenostomatida	Tetrahymenidae	Tetrahymena	Tetrahymena thermophila
TARA_SOC_28_MAG_00066	.	Sar	Ciliophora	Oligohymenophorea	Scuticociliatia	Hymenostomatida	Tetrahymenidae	Tetrahymena	Tetrahymena thermophila
TARA_SOC_28_MAG_00061	.	.	.	Dinophyceae	.	Gonyaulacales	Gonyaulacaceae	Alexandrium	Alexandrium tamarense
TARA_ION_45_MAG_00169	.	.	.	Haptophyceae	.	Phaeocystales	Phaeocystaceae	Phaeocystis	Phaeocystis antarctica
TARA_PSW_86_MAG_00262	.	.	Cryptophyta	.	.	Pyrenomonadales	Geminigeraceae	Geminigera	Geminigera cryophila
TARA_PSE_93_MAG_00121	Viridiplantae	.	Chlorophyta	Mamiellophyceae	.	Dolichomastigales	Pycnococcaceae	Pycnococcus	Dolichomastix tenuilepis
TARA_ION_45_MAG_00177	.	.	Bacillariophyta	Dictyochophyceae	.	Pedinellales	.	Florenciella	Pteridomonas danica
TARA_PSE_93_MAG_00232	Metazoa	Opisthokonta	Arthropoda	Hexanauplia	Copepoda	Harpacticoida	Harpacticidae	Tigriopus	Tigriopus californicus
TARA_AON_82_MAG_00229	Viridiplantae	.	Chlorophyta	Mamiellophyceae	.	Dolichomastigales	Pycnococcaceae	Pycnococcus	.
TARA_PSW_86_MAG_00294	Metazoa	Opisthokonta	Arthropoda	Hexanauplia	Copepoda	Calanoida	Temoridae	Eurytemora	Eurytemora affinis
TARA_ARC_108_MAG_00303	.	.	.	Haptophyceae	.	Prymnesiales	Prymnesiaceae	Haptolina	Haptolina ericina
TARA_AON_82_MAG_00314	Metazoa	Opisthokonta	Arthropoda	Hexanauplia	Copepoda	Harpacticoida	Harpacticidae	Tigriopus	Tigriopus californicus
TARA_MED_95_MAG_00454	Metazoa	Opisthokonta	Arthropoda	Hexanauplia	Copepoda	Calanoida	Temoridae	Eurytemora	Eurytemora affinis
TARA_AON_82_MAG_00340	Viridiplantae	.	Chlorophyta	Palmophyllophyceae	.	Prasinococcales	Prasinococcaceae	Prasinoderma	Prasinoderma singulare
TARA_ARC_108_MAG_00231	Metazoa	Opisthokonta	Arthropoda	Insecta	Pterygota	Diptera	.	.	.
TARA_MED_95_MAG_00452	Metazoa	Opisthokonta	Arthropoda	Hexanauplia	Copepoda	Calanoida	Temoridae	Eurytemora	Eurytemora affinis
TARA_ARC_108_MAG_00310	.	.	.	Dictyochophyceae	.	Pelagomonadales	.	Florenciella	Florenciella parvula
TARA_AON_82_MAG_00306	.	.	Cryptophyta	.	.	Pyrenomonadales	Geminigeraceae	Geminigera	Geminigera cryophila
TARA_AON_82_MAG_00326	Metazoa	Opisthokonta	Arthropoda	Hexanauplia	Copepoda	Calanoida	Temoridae	Eurytemora	Eurytemora affinis
TARA_AON_82_MAG_00333	Metazoa	Opisthokonta	Arthropoda	Hexanauplia	Copepoda	Calanoida	Temoridae	Eurytemora	Eurytemora affinis
TARA_MED_95_MAG_00440	Metazoa	Opisthokonta	Arthropoda	Hexanauplia	Copepoda	Calanoida	Temoridae	Eurytemora	Eurytemora affinis
TARA_MED_95_MAG_00500	Metazoa	Opisthokonta	Arthropoda	Insecta	Pterygota	Hymenoptera	.	.	.
TARA_MED_95_MAG_00496	Metazoa	Opisthokonta	Arthropoda	Hexanauplia	Copepoda	Calanoida	Temoridae	Eurytemora	Eurytemora affinis
TARA_ARC_108_MAG_00235	.	Sar	.	Oomycota	.	Saprolegniales	Saprolegniaceae	Phytophthora	Thraustotheca clavata
TARA_AON_82_MAG_00327	Metazoa	Opisthokonta	Arthropoda	Hexanauplia	Copepoda	Calanoida	Temoridae	Eurytemora	Eurytemora affinis
TARA_ARC_108_MAG_00312	.	.	Cryptophyta	.	.	Pyrenomonadales	Geminigeraceae	Geminigera	Geminigera cryophila
TARA_MED_95_MAG_00424	.	Sar	Bacillariophyta	Bacillariophyceae	.	Bacillariales	Bacillariaceae	Cylindrotheca	Cylindrotheca closterium
TARA_ARC_108_MAG_00212	.	.	Bacillariophyta	Bacillariophyceae	.	Bacillariales	Bacillariaceae	Pseudo-nitzschia	Pseudo-nitzschia fraudulenta
TARA_AON_82_MAG_00281	.	Sar	Bacillariophyta	Coscinodiscophyceae	.	.	.	.	.
TARA_PSE_93_MAG_00217	Metazoa	Opisthokonta	Arthropoda	Hexanauplia	Copepoda	Harpacticoida	Harpacticidae	Tigriopus	Tigriopus californicus
Metagenome_centric_SAG_TOSAG23_28	.	Sar	Bacillariophyta	Coscinodiscophyceae	.	.	.	.	.
TARA_PSE_93_MAG_00263	.	Sar	Ciliophora	Spirotrichea	Choreotrichia	Tintinnida	Oxytrichidae	Schmidingerella	Schmidingerella taraikaensis
TARA_PON_109_MAG_00255	Metazoa	Opisthokonta	Arthropoda	Hexanauplia	Copepoda	Harpacticoida	Harpacticidae	Tigriopus	Tigriopus californicus
TARA_AON_82_MAG_00346	Metazoa	Opisthokonta	Arthropoda	Hexanauplia	Copepoda	Harpacticoida	Harpacticidae	Tigriopus	Tigriopus californicus
TARA_MED_95_MAG_00407	.	.	.	Chrysophyceae	.	Chromulinales	Chromulinaceae	Paraphysomonas	Paraphysomonas bandaiensis
TARA_ARC_108_MAG_00189	.	.	Bacillariophyta	Coscinodiscophyceae	Chaetocerotophycidae	Chaetocerotales	Chaetocerotaceae	Chaetoceros	Chaetoceros neogracilis
TARA_PON_109_MAG_00219	.	Sar	Bacillariophyta	Coscinodiscophyceae	.	.	.	.	.
TARA_ION_45_MAG_00199	Metazoa	Opisthokonta	Arthropoda	Hexanauplia	Copepoda	Harpacticoida	Harpacticidae	Tigriopus	Tigriopus californicus
TARA_AON_82_MAG_00322	Metazoa	Opisthokonta	Arthropoda	Hexanauplia	Copepoda	Calanoida	Temoridae	Eurytemora	Eurytemora affinis
TARA_AOS_82_MAG_00171	Metazoa	Opisthokonta	Arthropoda	Hexanauplia	Copepoda	Calanoida	Temoridae	Eurytemora	Eurytemora affinis
TARA_PON_109_MAG_00258	.	Sar	Bacillariophyta	Dictyochophyceae	.	Florenciellales	.	Florenciella	Florenciella parvula
TARA_ARC_108_MAG_00226	Metazoa	Opisthokonta	Arthropoda	Insecta	Pterygota	Diptera	.	.	.
Metagenome_centric_SAG_TOSAG23_29	.	Sar	Bacillariophyta	Coscinodiscophyceae	.	.	.	.	.
TARA_PSE_93_MAG_00245	.	Prymnesiophyceae	Haptista	Haptophyta	.	Isochrysidales	Isochrysidaceae	Prymnesium	Chrysotila carterae
TARA_AON_82_MAG_00285	Metazoa	Opisthokonta	Arthropoda	Hexanauplia	Copepoda	Harpacticoida	Harpacticidae	Tigriopus	Tigriopus californicus
TARA_ARC_108_MAG_00108	.	.	Bacillariophyta	Coscinodiscophyceae	Chaetocerotophycidae	Leptocylindrales	Leptocylindraceae	Leptocylindrus	Leptocylindrus danicus
TARA_PSE_93_MAG_00258	.	.	.	Dinophyceae	.	Gonyaulacales	Gonyaulacaceae	Alexandrium	Lingulodinium polyedra
TARA_AON_82_MAG_00275	.	Sar	Bacillariophyta	Coscinodiscophyceae	.	.	.	.	.
TARA_PON_109_MAG_00217	.	.	Bacillariophyta	Bolidophyceae	Thalassiosirophycidae	Thalassiosirales	Thalassiosiraceae	Bolidomonas	.
TARA_PON_109_MAG_00166	Viridiplantae	.	Chlorophyta	Mamiellophyceae	.	Mamiellales	Bathycoccaceae	Ostreococcus	Ostreococcus sp. 'lucimarinus'
TARA_MED_95_MAG_00510	Metazoa	Opisthokonta	Arthropoda	Hexanauplia	Copepoda	Harpacticoida	Harpacticidae	Tigriopus	Tigriopus californicus
TARA_PSW_86_MAG_00300	Metazoa	Opisthokonta	Arthropoda	Hexanauplia	Copepoda	Harpacticoida	Harpacticidae	Tigriopus	Tigriopus californicus
TARA_PSW_86_MAG_00309	Metazoa	Opisthokonta	Arthropoda	Hexanauplia	Copepoda	Calanoida	Temoridae	Eurytemora	Eurytemora affinis
TARA_PSW_86_MAG_00268	.	.	.	Haptophyceae	.	Prymnesiales	Prymnesiaceae	Chrysochromulina	Chrysochromulina rotalis
TARA_AON_82_MAG_00329	Metazoa	Opisthokonta	Arthropoda	Hexanauplia	Copepoda	Harpacticoida	Harpacticidae	Tigriopus	Tigriopus californicus
Metagenome_centric_SAG_TOSAG00_9	.	Sar	Bacillariophyta	Coscinodiscophyceae	Coscinodiscophycidae	Melosirales	Stephanopyxidaceae	Stephanopyxis	Stephanopyxis turris
Metagenome_centric_SAG_TOSAG23_9	.	Sar	.	Dinophyceae	.	Suessiales	Symbiodiniaceae	Symbiodinium	Symbiodinium microadriaticum
TARA_SOC_28_MAG_00071	.	.	Bacillariophyta	Bacillariophyceae	.	Bacillariales	Bacillariaceae	Fragilariopsis	Fragilariopsis kerguelensis
TARA_PSE_93_MAG_00261	.	Sar	Ciliophora	Spirotrichea	Choreotrichia	Tintinnida	Rhabdonellidae	Schmidingerella	Schmidingerella taraikaensis
TARA_PSW_86_MAG_00286	Metazoa	Opisthokonta	Arthropoda	Hexanauplia	Copepoda	Calanoida	Temoridae	Eurytemora	Eurytemora affinis
TARA_ION_45_MAG_00145	.	Sar	Bacillariophyta	Coscinodiscophyceae	.	.	.	.	.
TARA_MED_95_MAG_00482	Metazoa	Opisthokonta	Arthropoda	Hexanauplia	Copepoda	Harpacticoida	Harpacticidae	Tigriopus	Tigriopus californicus
TARA_PSW_86_MAG_00288	Metazoa	Opisthokonta	Arthropoda	Hexanauplia	Copepoda	Calanoida	Temoridae	Eurytemora	Eurytemora affinis
TARA_PSE_93_MAG_00216	.	.	Bacillariophyta	Coscinodiscophyceae	Coscinodiscophycidae	Melosirales	Stephanopyxidaceae	Stephanopyxis	Stephanopyxis turris
TARA_AOS_82_MAG_00050	.	.	Bacillariophyta	Mediophyceae	Cymatosirophycidae	Cymatosirales	Cymatosiraceae	Extubocellulus	Extubocellulus spinifer
TARA_MED_95_MAG_00511	.	Sar	Bacillariophyta	Coscinodiscophyceae	Coscinodiscophycidae	Melosirales	Stephanopyxidaceae	Stephanopyxis	Stephanopyxis turris
TARA_RED_19_MAG_00056	Metazoa	Opisthokonta	Arthropoda	Hexanauplia	Copepoda	Calanoida	Temoridae	Eurytemora	Eurytemora affinis
TARA_AOS_82_MAG_00149	.	.	.	Haptophyceae	.	Prymnesiales	Prymnesiaceae	Haptolina	Chrysochromulina rotalis
TARA_PON_109_MAG_00222	Viridiplantae	.	Chlorophyta	Chlorodendrophyceae	.	Chlorodendrales	Chlorodendraceae	Tetraselmis	Dolichomastix tenuilepis
TARA_PSE_93_MAG_00209	Metazoa	Opisthokonta	Arthropoda	Hexanauplia	Copepoda	Calanoida	Temoridae	Eurytemora	Eurytemora affinis
TARA_MED_95_MAG_00399	.	.	Bacillariophyta	Coscinodiscophyceae	Chaetocerotophycidae	Chaetocerotales	Chaetocerotaceae	Chaetoceros	Chaetoceros affinis
TARA_ION_45_MAG_00149	Metazoa	Opisthokonta	Arthropoda	Hexanauplia	Copepoda	Calanoida	Temoridae	Eurytemora	Eurytemora affinis
TARA_ION_45_MAG_00193	Metazoa	Opisthokonta	Arthropoda	Hexanauplia	Copepoda	Calanoida	Temoridae	Eurytemora	Eurytemora affinis
TARA_IOS_50_MAG_00124	.	.	.	Pelagophyceae	.	Pelagomonadales	.	Aureococcus	Aureococcus anophagefferens
TARA_MED_95_MAG_00481	.	Sar	Bacillariophyta	Coscinodiscophyceae	Coscinodiscophycidae	Melosirales	Stephanopyxidaceae	Stephanopyxis	Stephanopyxis turris
TARA_ION_45_MAG_00162	.	Sar	Bacillariophyta	Dictyochophyceae	.	Florenciellales	.	Florenciella	Florenciella parvula
TARA_MED_95_MAG_00419	Viridiplantae	.	Chlorophyta	Mamiellophyceae	.	Dolichomastigales	Pycnococcaceae	Pycnococcus	Pycnococcus provasolii
TARA_ION_45_MAG_00187	.	.	Cryptophyta	.	.	Cryptomonadales	Goniomonadaceae	Goniomonas	Goniomonas pacifica
TARA_AOS_82_MAG_00150	.	Sar	Bacillariophyta	Coscinodiscophyceae	.	.	.	.	.
TARA_PSW_86_MAG_00281	.	.	Bacillariophyta	Bacillariophyceae	.	Bacillariales	Bacillariaceae	Fragilariopsis	Fragilariopsis kerguelensis
Metagenome_centric_SAG_TOSAG41_8_bis	.	Sar	.	Dinophyceae	.	Oxyrrhinales	Oxyrrhinaceae	Oxyrrhis	Oxyrrhis marina
TARA_PSW_86_MAG_00299	Metazoa	Opisthokonta	Arthropoda	Hexanauplia	Copepoda	Calanoida	Temoridae	Eurytemora	Eurytemora affinis
TARA_SOC_28_MAG_00054	Metazoa	Opisthokonta	Chordata	Choanoflagellata	.	Acanthoecida	Acanthoecidae	Acanthoeca	Salpingoeca rosetta
TARA_ARC_108_MAG_00258	Metazoa	Opisthokonta	Arthropoda	Hexanauplia	Copepoda	Calanoida	Temoridae	Eurytemora	Eurytemora affinis
TARA_AOS_82_MAG_00175	Metazoa	Opisthokonta	Arthropoda	Hexanauplia	Copepoda	Harpacticoida	Harpacticidae	Tigriopus	Tigriopus californicus
TARA_ARC_108_MAG_00289	.	.	.	Haptophyceae	.	Prymnesiales	Chrysochromulinaceae	Chrysochromulina	Chrysochromulina rotalis
TARA_AON_82_MAG_00297	Viridiplantae	.	Chlorophyta	Mamiellophyceae	.	Mamiellales	Mamiellaceae	Micromonas	Micromonas pusilla
TARA_ARC_108_MAG_00215	.	.	.	Chrysophyceae	.	Chromulinales	Chromulinaceae	Paraphysomonas	Paraphysomonas bandaiensis
TARA_ION_45_MAG_00030	Viridiplantae	.	Chlorophyta	Mamiellophyceae	.	Mamiellales	Bathycoccaceae	Bathycoccus	Bathycoccus prasinos
TARA_ARC_108_MAG_00291	.	Sar	.	Dinophyceae	.	Gonyaulacales	Gonyaulacaceae	Alexandrium	.
Metagenome_centric_SAG_TOSAG47_5	.	Sar	.	Dinophyceae	.	Syndiniales	Amoebophryaceae	Amoebophrya	Amoebophrya sp.
TARA_ARC_108_MAG_00227	Metazoa	Opisthokonta	Arthropoda	Insecta	Pterygota	Hymenoptera	.	.	.
TARA_PSE_93_MAG_00234	Metazoa	Opisthokonta	Arthropoda	Hexanauplia	Copepoda	Harpacticoida	Harpacticidae	Tigriopus	Tigriopus californicus
TARA_SOC_28_MAG_00051	.	Sar	Bacillariophyta	Coscinodiscophyceae	Thalassiosirophycidae	Thalassiosirales	.	.	.
TARA_PSE_93_MAG_00235	.	.	.	Haptophyceae	.	Isochrysidales	Noelaerhabdaceae	Emiliania	Emiliania huxleyi
TARA_PSE_93_MAG_00247	Metazoa	Opisthokonta	Arthropoda	Hexanauplia	Copepoda	Calanoida	Temoridae	Eurytemora	Eurytemora affinis
TARA_IOS_50_MAG_00134	.	.	.	Haptophyceae	.	Prymnesiales	Prymnesiaceae	Prymnesium	Prymnesium polylepis
TARA_ION_45_MAG_00152	.	.	.	Haptophyceae	.	Prymnesiales	Prymnesiaceae	Prymnesium	Prymnesium polylepis
TARA_AON_82_MAG_00280	.	.	.	Chrysophyceae	.	Chromulinales	Paraphysomonadaceae	Paraphysomonas	Paraphysomonas bandaiensis
TARA_MED_95_MAG_00446	Metazoa	Opisthokonta	Arthropoda	Hexanauplia	Copepoda	Calanoida	Temoridae	Eurytemora	Eurytemora affinis
TARA_ARC_108_MAG_00225	Metazoa	Opisthokonta	Arthropoda	Insecta	Pterygota	Diptera	.	.	.
TARA_AOS_82_MAG_00178	.	Sar	Ciliophora	Spirotrichea	Stichotrichia	Sporadotrichida	Oxytrichidae	Oxytricha	Oxytricha trifallax
TARA_PSE_93_MAG_00262	Metazoa	Opisthokonta	Chordata	Mammalia	.	.	.	.	.
TARA_IOS_50_MAG_00114	Viridiplantae	.	Chlorophyta	Chlorodendrophyceae	.	Chlorodendrales	Chlorodendraceae	Tetraselmis	Tetraselmis striata
TARA_MED_95_MAG_00394	.	.	Bacillariophyta	Coscinodiscophyceae	Thalassiosirophycidae	Thalassiosirales	Skeletonemataceae	Skeletonema	Skeletonema costatum
TARA_MED_95_MAG_00503	Metazoa	Opisthokonta	Arthropoda	Hexanauplia	Copepoda	Harpacticoida	Harpacticidae	Tigriopus	Tigriopus californicus
TARA_AON_82_MAG_00312	Metazoa	Opisthokonta	Arthropoda	Hexanauplia	Copepoda	Calanoida	Temoridae	Eurytemora	Eurytemora affinis
TARA_MED_95_MAG_00404	Metazoa	Opisthokonta	Arthropoda	Hexanauplia	Copepoda	Calanoida	Temoridae	Eurytemora	Eurytemora affinis
TARA_AON_82_MAG_00317	Metazoa	Opisthokonta	Arthropoda	Hexanauplia	Copepoda	Harpacticoida	Harpacticidae	Tigriopus	Tigriopus californicus
TARA_ARC_108_MAG_00230	.	.	Bacillariophyta	Bacillariophyceae	.	Bacillariales	Bacillariaceae	Pseudo-nitzschia	Pseudo-nitzschia fraudulenta
TARA_ARC_108_MAG_00246	.	.	.	Haptophyceae	.	Prymnesiales	Prymnesiaceae	Prymnesium	Chrysochromulina rotalis
Metagenome_centric_SAG_TOSAG41_9	.	Sar	.	Dinophyceae	.	Oxyrrhinales	Oxyrrhinaceae	Oxyrrhis	Oxyrrhis marina
TARA_AOS_82_MAG_00186	Viridiplantae	.	Chlorophyta	Mamiellophyceae	.	Mamiellales	Bathycoccaceae	Bathycoccus	Bathycoccus prasinos
TARA_MED_95_MAG_00457	Metazoa	Opisthokonta	Chordata	Mammalia	.	Rodentia	.	.	.
TARA_PSW_86_MAG_00307	Metazoa	Opisthokonta	Chordata	Mammalia	.	.	.	.	.
TARA_MED_95_MAG_00502	Metazoa	Opisthokonta	Arthropoda	Hexanauplia	Copepoda	Calanoida	Temoridae	Eurytemora	Eurytemora affinis
TARA_AOS_82_MAG_00144	.	.	.	Haptophyceae	.	Prymnesiales	Prymnesiaceae	Haptolina	Chrysochromulina rotalis
TARA_RED_19_MAG_00048	Metazoa	Opisthokonta	Arthropoda	Hexanauplia	Copepoda	Calanoida	Temoridae	Eurytemora	Eurytemora affinis
TARA_PSE_93_MAG_00260	Metazoa	Opisthokonta	Arthropoda	Hexanauplia	Copepoda	Calanoida	Temoridae	Eurytemora	Eurytemora affinis
TARA_MED_95_MAG_00488	.	Sar	Bacillariophyta	Dictyochophyceae	.	Florenciellales	.	Florenciella	Florenciella parvula
TARA_IOS_50_MAG_00056	.	.	Bacillariophyta	Bacillariophyceae	.	Bacillariales	Bacillariaceae	Cylindrotheca	Cylindrotheca closterium
TARA_ARC_108_MAG_00324	.	.	.	Haptophyceae	.	Prymnesiales	Prymnesiaceae	Haptolina	Haptolina brevifila
TARA_SOC_28_MAG_00052	.	Sar	Bacillariophyta	Coscinodiscophyceae	Thalassiosirophycidae	Thalassiosirales	.	.	.
TARA_PSW_86_MAG_00317	.	.	.	Haptophyceae	.	Prymnesiales	Prymnesiaceae	Chrysochromulina	Chrysochromulina rotalis
TARA_RED_19_MAG_00046	Metazoa	Opisthokonta	Arthropoda	Hexanauplia	Copepoda	Calanoida	Temoridae	Eurytemora	Eurytemora affinis
TARA_MED_95_MAG_00421	Viridiplantae	.	Chlorophyta	Mamiellophyceae	.	Mamiellales	Bathycoccaceae	Bathycoccus	Bathycoccus prasinos
TARA_PSE_93_MAG_00241	.	.	Bacillariophyta	Dictyochophyceae	.	Pedinellales	.	Florenciella	Pteridomonas danica
TARA_AON_82_MAG_00351	.	.	.	Haptophyceae	.	Isochrysidales	Noelaerhabdaceae	Emiliania	Emiliania huxleyi
TARA_ARC_108_MAG_00251	Metazoa	Opisthokonta	Arthropoda	Insecta	Pterygota	Diptera	.	.	.
TARA_PON_109_MAG_00259	Metazoa	Opisthokonta	Arthropoda	Hexanauplia	Copepoda	Calanoida	Temoridae	Eurytemora	Eurytemora affinis
TARA_AON_82_MAG_00347	.	Sar	.	Dinophyceae	.	Gonyaulacales	Gonyaulacaceae	Alexandrium	.
TARA_PSW_86_MAG_00256	.	.	Bacillariophyta	Coscinodiscophyceae	Chaetocerotophycidae	Chaetocerotales	Chaetocerotaceae	Chaetoceros	Chaetoceros affinis
TARA_ARC_108_MAG_00234	.	.	Bacillariophyta	Chrysophyceae	.	Chromulinales	Chromulinaceae	Dinobryon	Spumella elongata
TARA_ANE_2018_MAG_00101	Viridiplantae	.	Chlorophyta	Mamiellophyceae	.	Mamiellales	Mamiellaceae	Micromonas	Micromonas pusilla
TARA_AON_82_MAG_00332	Metazoa	Opisthokonta	Arthropoda	Hexanauplia	Copepoda	Calanoida	Temoridae	Eurytemora	Eurytemora affinis
TARA_PSW_86_MAG_00253	Viridiplantae	.	Chlorophyta	Palmophyllophyceae	.	Prasinococcales	Prasinococcaceae	Prasinoderma	Prasinoderma coloniale
TARA_MED_95_MAG_00461	Metazoa	Opisthokonta	Arthropoda	Hexanauplia	Copepoda	Calanoida	Temoridae	Eurytemora	Eurytemora affinis
TARA_ION_45_MAG_00190	Metazoa	Opisthokonta	Chordata	Actinopteri	Neopterygii	.	.	.	.
TARA_PSE_93_MAG_00250	Metazoa	Opisthokonta	Arthropoda	Hexanauplia	Copepoda	Harpacticoida	Harpacticidae	Tigriopus	Tigriopus californicus
TARA_AON_82_MAG_00295	.	.	.	Dictyochophyceae	.	Pelagomonadales	.	Florenciella	Florenciella parvula
TARA_ION_45_MAG_00165	.	Sar	.	Dinophyceae	.	Gonyaulacales	Gonyaulacaceae	Alexandrium	.
TARA_RED_19_MAG_00044	Metazoa	Opisthokonta	Arthropoda	Hexanauplia	Copepoda	Harpacticoida	Harpacticidae	Tigriopus	Tigriopus californicus
TARA_MED_95_MAG_00505	Metazoa	Opisthokonta	Arthropoda	Branchiopoda	Phyllopoda	Diplostraca	Daphniidae	Daphnia	Daphnia magna
Metagenome_centric_SAG_TOSAG51_11	.	Sar	Bacillariophyta	Dictyochophyceae	.	Pedinellales	.	Florenciella	Pteridomonas danica
TARA_AON_82_MAG_00301	.	Sar	Bacillariophyta	Dictyochophyceae	.	Florenciellales	.	Florenciella	Florenciella parvula
TARA_MED_95_MAG_00474	Metazoa	Opisthokonta	Arthropoda	Hexanauplia	Copepoda	Calanoida	Temoridae	Eurytemora	Eurytemora affinis
TARA_SOC_28_MAG_00031	.	.	Bacillariophyta	Bacillariophyceae	.	Bacillariales	Bacillariaceae	Fragilariopsis	Fragilariopsis kerguelensis
TARA_IOS_50_MAG_00162	Metazoa	Opisthokonta	Arthropoda	Hexanauplia	Copepoda	Calanoida	Temoridae	Eurytemora	Eurytemora affinis
TARA_ION_45_MAG_00175	Metazoa	Opisthokonta	Arthropoda	Hexanauplia	Copepoda	Harpacticoida	Harpacticidae	Tigriopus	Tigriopus californicus
TARA_PSE_93_MAG_00237	Metazoa	Opisthokonta	Arthropoda	Hexanauplia	Copepoda	Calanoida	Temoridae	Eurytemora	Eurytemora affinis
TARA_MED_95_MAG_00308	Viridiplantae	.	Chlorophyta	Mamiellophyceae	.	Mamiellales	Mamiellaceae	Micromonas	Micromonas pusilla
TARA_MED_95_MAG_00512	Metazoa	Opisthokonta	Arthropoda	Hexanauplia	Copepoda	Calanoida	Temoridae	Eurytemora	Eurytemora affinis
TARA_ARC_108_MAG_00296	.	Sar	Ciliophora	Spirotrichea	Choreotrichia	Tintinnida	Oxytrichidae	Schmidingerella	Schmidingerella taraikaensis
TARA_PON_109_MAG_00275	Metazoa	Opisthokonta	Arthropoda	Hexanauplia	Copepoda	Harpacticoida	Harpacticidae	Tigriopus	Tigriopus californicus
TARA_AON_82_MAG_00307	.	.	.	Dinophyceae	.	Suessiales	Symbiodiniaceae	Symbiodinium	Symbiodinium sp.
TARA_PON_109_MAG_00271	Metazoa	Opisthokonta	Arthropoda	Hexanauplia	Copepoda	Harpacticoida	Harpacticidae	Tigriopus	Tigriopus californicus
TARA_AON_82_MAG_00276	.	Sar	Bacillariophyta	Coscinodiscophyceae	.	.	.	.	.
Metagenome_centric_SAG_TOSAG00_12	.	Sar	Bacillariophyta	Coscinodiscophyceae	Coscinodiscophycidae	Melosirales	Stephanopyxidaceae	Stephanopyxis	Stephanopyxis turris
TARA_SOC_28_MAG_00053	.	Sar	Bacillariophyta	Dictyochophyceae	.	Florenciellales	.	Florenciella	Florenciella parvula
TARA_AOS_82_MAG_00145	.	.	.	Haptophyceae	.	Prymnesiales	Prymnesiaceae	Prymnesium	Chrysochromulina rotalis
TARA_ARC_108_MAG_00322	.	Sar	Ciliophora	Spirotrichea	Choreotrichia	Tintinnida	Oxytrichidae	Schmidingerella	Schmidingerella taraikaensis
TARA_MED_95_MAG_00451	Metazoa	Opisthokonta	Arthropoda	Hexanauplia	Copepoda	Harpacticoida	Harpacticidae	Tigriopus	Tigriopus californicus
TARA_AOS_82_MAG_00141	.	.	.	Haptophyceae	.	Prymnesiales	Prymnesiaceae	Haptolina	Haptolina brevifila
TARA_AON_82_MAG_00355	.	.	.	Dinophyceae	.	Gonyaulacales	Gonyaulacaceae	Alexandrium	Lingulodinium polyedra
TARA_ARC_108_MAG_00301	.	Sar	Ciliophora	Spirotrichea	Oligotrichia	Sporadotrichida	Strombidiidae	Strombidium	Strombidium inclinatum
TARA_MED_95_MAG_00460	Metazoa	Opisthokonta	Arthropoda	Hexanauplia	Copepoda	Harpacticoida	Harpacticidae	Tigriopus	Tigriopus californicus
TARA_MED_95_MAG_00415	.	.	.	Chrysophyceae	.	Chromulinales	Chromulinaceae	Paraphysomonas	Paraphysomonas bandaiensis
TARA_ION_45_MAG_00188	Metazoa	Opisthokonta	Arthropoda	Hexanauplia	Copepoda	Harpacticoida	Harpacticidae	Tigriopus	Tigriopus californicus
Metagenome_centric_SAG_TOSAG39_3	.	Sar	Bacillariophyta	Chrysophyceae	.	Chromulinales	Paraphysomonadaceae	Paraphysomonas	Paraphysomonas bandaiensis
TARA_ARC_108_MAG_00276	.	.	Bacillariophyta	Bacillariophyceae	.	Bacillariales	Bacillariaceae	Pseudo-nitzschia	Pseudo-nitzschia fraudulenta
TARA_MED_95_MAG_00480	Metazoa	Opisthokonta	Arthropoda	Hexanauplia	Copepoda	Harpacticoida	Harpacticidae	Tigriopus	Tigriopus californicus
TARA_PSE_93_MAG_00253	.	.	Bacillariophyta	Coscinodiscophyceae	Chaetocerotophycidae	Chaetocerotales	Chaetocerotaceae	Chaetoceros	Chaetoceros neogracilis
TARA_ARC_108_MAG_00313	.	.	Bacillariophyta	Coscinodiscophyceae	Thalassiosirophycidae	Thalassiosirales	Thalassiosiraceae	Thalassiosira	Thalassiosira antarctica
TARA_PSW_86_MAG_00287	.	.	.	Haptophyceae	.	Prymnesiales	Prymnesiaceae	Prymnesium	Prymnesium polylepis
TARA_PON_109_MAG_00232	.	.	.	Haptophyceae	.	Prymnesiales	Prymnesiaceae	Prymnesium	Chrysochromulina rotalis
TARA_MED_95_MAG_00469	.	.	.	Haptophyceae	.	Prymnesiales	Prymnesiaceae	Haptolina	Chrysochromulina rotalis
TARA_MED_95_MAG_00453	.	.	.	Haptophyceae	.	Phaeocystales	Phaeocystaceae	Phaeocystis	Phaeocystis antarctica
TARA_AOS_82_MAG_00181	Viridiplantae	.	Chlorophyta	Mamiellophyceae	.	Mamiellales	Mamiellaceae	Micromonas	Micromonas pusilla
TARA_AON_82_MAG_00357	Metazoa	Opisthokonta	Chordata	Mammalia	.	Rodentia	.	.	.
TARA_AON_82_MAG_00323	Metazoa	Opisthokonta	Arthropoda	Hexanauplia	Copepoda	Harpacticoida	Harpacticidae	Tigriopus	Tigriopus californicus
TARA_RED_19_MAG_00054	Metazoa	Opisthokonta	Arthropoda	Hexanauplia	Copepoda	Harpacticoida	Harpacticidae	Tigriopus	Tigriopus californicus
TARA_ARC_108_MAG_00063	Viridiplantae	.	Chlorophyta	Mamiellophyceae	.	Mamiellales	Mamiellaceae	Micromonas	Micromonas pusilla
TARA_AON_82_MAG_00159	.	.	Bacillariophyta	Bacillariophyceae	.	Bacillariales	Bacillariaceae	Cylindrotheca	Cylindrotheca closterium
TARA_MED_95_MAG_00417	.	Sar	Bacillariophyta	Dictyochophyceae	.	Florenciellales	.	Florenciella	Florenciella parvula
TARA_PSW_86_MAG_00304	Metazoa	Opisthokonta	Arthropoda	Hexanauplia	Copepoda	Harpacticoida	Harpacticidae	Tigriopus	Tigriopus californicus
TARA_PSE_93_MAG_00265	Metazoa	Opisthokonta	Arthropoda	Branchiopoda	Phyllopoda	Diplostraca	Daphniidae	Daphnia	Daphnia magna
TARA_AOS_82_MAG_00165	Metazoa	Opisthokonta	Arthropoda	Hexanauplia	Copepoda	Calanoida	Temoridae	Eurytemora	Eurytemora affinis
TARA_SOC_28_MAG_00067	.	.	.	Haptophyceae	.	Phaeocystales	Phaeocystaceae	Phaeocystis	Phaeocystis antarctica
TARA_ARC_108_MAG_00307	Metazoa	Opisthokonta	Echinodermata	Asteroidea	Euechinoidea	Valvatida	Acanthasteridae	Acanthaster	Acanthaster planci
TARA_AOS_82_MAG_00158	.	.	.	Haptophyceae	.	Prymnesiales	Prymnesiaceae	Prymnesium	Prymnesium polylepis
TARA_RED_19_MAG_00047	Metazoa	Opisthokonta	Arthropoda	Hexanauplia	Copepoda	Calanoida	Temoridae	Eurytemora	Eurytemora affinis
TARA_AOS_82_MAG_00032	Viridiplantae	.	Chlorophyta	.	.	.	Pycnococcaceae	Pycnococcus	.
TARA_AOS_82_MAG_00168	Metazoa	Opisthokonta	Arthropoda	Hexanauplia	Copepoda	Harpacticoida	Harpacticidae	Tigriopus	Tigriopus californicus
TARA_ARC_108_MAG_00285	Metazoa	Opisthokonta	Arthropoda	Insecta	Pterygota	Diptera	.	.	.
TARA_PSW_86_MAG_00316	.	.	.	Dinophyceae	.	Gonyaulacales	Gonyaulacaceae	Alexandrium	Lingulodinium polyedra
TARA_PSW_86_MAG_00280	.	.	.	Haptophyceae	.	Prymnesiales	Prymnesiaceae	Chrysochromulina	Chrysochromulina rotalis
TARA_MED_95_MAG_00437	.	Sar	.	Dinophyceae	.	Gonyaulacales	Gonyaulacaceae	Alexandrium	.
TARA_ARC_108_MAG_00315	.	.	.	Haptophyceae	.	Prymnesiales	Prymnesiaceae	Haptolina	Chrysochromulina rotalis
TARA_ARC_108_MAG_00261	.	.	Bacillariophyta	Chrysophyceae	.	Chromulinales	Chromulinaceae	Dinobryon	Spumella elongata
TARA_AON_82_MAG_00345	Metazoa	Opisthokonta	Arthropoda	Hexanauplia	Copepoda	Calanoida	Temoridae	Eurytemora	Eurytemora affinis
TARA_AON_82_MAG_00341	.	.	.	Haptophyceae	.	Prymnesiales	Prymnesiaceae	Haptolina	Chrysochromulina rotalis
TARA_ARC_108_MAG_00306	.	Sar	Ciliophora	Oligohymenophorea	Scuticociliatia	Hymenostomatida	Tetrahymenidae	Tetrahymena	Tetrahymena thermophila
TARA_ION_45_MAG_00156	Viridiplantae	.	Chlorophyta	Chlorodendrophyceae	.	Chlorodendrales	Chlorodendraceae	Tetraselmis	Tetraselmis striata
TARA_IOS_50_MAG_00127	.	.	.	Pelagophyceae	.	Pelagomonadales	.	Aureococcus	Aureococcus anophagefferens
TARA_ARC_108_MAG_00240	Metazoa	Opisthokonta	Chordata	Choanoflagellata	.	Acanthoecida	Acanthoecidae	Acanthoeca	Salpingoeca rosetta
TARA_ION_45_MAG_00198	Metazoa	Opisthokonta	Chordata	Mammalia	.	Rodentia	.	.	.
Metagenome_centric_SAG_TOSAG39_1	.	Sar	Cercozoa	Chlorarachniophyceae	.	Plasmodiophorida	Plasmodiophoridae	Lotharella	Plasmodiophora brassicae
TARA_PON_109_MAG_00250	.	.	.	Haptophyceae	.	Phaeocystales	Phaeocystaceae	Phaeocystis	Phaeocystis antarctica
TARA_AON_82_MAG_00274	.	.	.	Pelagophyceae	.	Pelagomonadales	.	Aureococcus	Aureococcus anophagefferens
TARA_ARC_108_MAG_00268	.	.	.	Haptophyceae	.	Phaeocystales	Phaeocystaceae	Phaeocystis	Phaeocystis antarctica
TARA_MED_95_MAG_00514	.	Sar	Ciliophora	Spirotrichea	Choreotrichia	Tintinnida	Oxytrichidae	Schmidingerella	Schmidingerella taraikaensis
TARA_AON_82_MAG_00298	Metazoa	Opisthokonta	Arthropoda	Hexanauplia	Copepoda	Calanoida	Temoridae	Eurytemora	Eurytemora affinis
TARA_ARC_108_MAG_00233	Viridiplantae	.	Chlorophyta	Mamiellophyceae	.	Mamiellales	Mamiellaceae	Micromonas	Micromonas pusilla
TARA_MED_95_MAG_00428	.	.	.	Chrysophyceae	.	Chromulinales	Paraphysomonadaceae	Paraphysomonas	Paraphysomonas bandaiensis
TARA_ARC_108_MAG_00293	Metazoa	Opisthokonta	Arthropoda	Hexanauplia	Copepoda	Calanoida	Temoridae	Eurytemora	Eurytemora affinis
TARA_ARC_108_MAG_00238	.	Sar	Bacillariophyta	Bacillariophyceae	.	Bacillariales	Bacillariaceae	Cylindrotheca	Cylindrotheca closterium
TARA_MED_95_MAG_00450	Metazoa	Opisthokonta	Chordata	Mammalia	.	Rodentia	.	.	.
TARA_AOS_82_MAG_00045	.	.	.	Pelagophyceae	.	Pelagomonadales	.	Pelagomonas	Pelagomonas calceolata
TARA_PSE_93_MAG_00222	Metazoa	Opisthokonta	Chordata	Mammalia	.	.	.	.	.
TARA_PON_109_MAG_00221	.	.	.	Pelagophyceae	.	Pelagomonadales	.	Aureococcus	Aureococcus anophagefferens
TARA_MED_95_MAG_00462	Viridiplantae	.	Chlorophyta	Mamiellophyceae	.	Mamiellales	Bathycoccaceae	Dolichomastix	Dolichomastix tenuilepis
TARA_PSE_93_MAG_00254	Metazoa	Opisthokonta	Arthropoda	Hexanauplia	Copepoda	Calanoida	Temoridae	Eurytemora	Eurytemora affinis
TARA_AON_82_MAG_00286	Metazoa	Opisthokonta	Arthropoda	Hexanauplia	Copepoda	Calanoida	Temoridae	Eurytemora	Eurytemora affinis
TARA_AON_82_MAG_00283	.	.	.	Haptophyceae	.	Prymnesiales	Prymnesiaceae	Haptolina	Chrysochromulina rotalis
TARA_AOS_82_MAG_00129	.	.	.	Pelagophyceae	.	Pelagomonadales	.	Aureococcus	Aureococcus anophagefferens
TARA_AON_82_MAG_00304	.	Sar	.	Dinophyceae	.	Gonyaulacales	Gonyaulacaceae	Alexandrium	.
TARA_ARC_108_MAG_00283	.	Sar	Ciliophora	Oligohymenophorea	Scuticociliatia	Hymenostomatida	Tetrahymenidae	Tetrahymena	Tetrahymena thermophila
TARA_AON_82_MAG_00328	Metazoa	Opisthokonta	Arthropoda	Insecta	Pterygota	Hymenoptera	Formicidae	.	.
TARA_AON_82_MAG_00318	.	.	.	Haptophyceae	.	Phaeocystales	Phaeocystaceae	Phaeocystis	Phaeocystis antarctica
TARA_RED_19_MAG_00007	Viridiplantae	.	Chlorophyta	Mamiellophyceae	.	Mamiellales	Bathycoccaceae	Ostreococcus	Ostreococcus sp. 'lucimarinus'
TARA_IOS_50_MAG_00098	.	Sar	Bacillariophyta	Coscinodiscophyceae	.	.	.	.	.
TARA_ARC_108_MAG_00256	.	.	Bacillariophyta	Dictyochophyceae	.	Pedinellales	.	Pseudopedinella	Pseudopedinella elastica
TARA_ARC_108_MAG_00270	Metazoa	Opisthokonta	Arthropoda	Hexanauplia	Copepoda	Harpacticoida	Harpacticidae	Tigriopus	Tigriopus californicus
TARA_ARC_108_MAG_00284	Metazoa	Opisthokonta	Arthropoda	Hexanauplia	Copepoda	Harpacticoida	Harpacticidae	Tigriopus	Tigriopus californicus
TARA_PON_109_MAG_00226	Viridiplantae	.	Chlorophyta	Mamiellophyceae	.	Dolichomastigales	Mamiellaceae	Dolichomastix	Dolichomastix tenuilepis
TARA_PSE_93_MAG_00242	Metazoa	Opisthokonta	Chordata	Ascidiacea	Neopterygii	Phlebobranchia	Cionidae	Ciona	Ciona intestinalis
TARA_AOS_82_MAG_00142	.	.	.	Haptophyceae	.	Prymnesiales	Prymnesiaceae	Prymnesium	Prymnesium polylepis
TARA_MED_95_MAG_00403	.	.	.	Haptophyceae	.	Phaeocystales	Phaeocystaceae	Phaeocystis	Phaeocystis antarctica
TARA_PSE_93_MAG_00221	Metazoa	Opisthokonta	Arthropoda	Hexanauplia	Copepoda	Calanoida	Temoridae	Eurytemora	Eurytemora affinis
TARA_PSE_93_MAG_00188	.	Amoebozoa	Discosea	Flabellinia	.	Longamoebia	Vannellidae	Acanthamoeba	Acanthamoeba castellanii
TARA_SOC_28_MAG_00057	.	.	.	Haptophyceae	.	Phaeocystales	Phaeocystaceae	Phaeocystis	Phaeocystis antarctica
TARA_PSW_86_MAG_00270	Viridiplantae	.	Chlorophyta	Mamiellophyceae	.	Mamiellales	Mamiellaceae	Dolichomastix	Dolichomastix tenuilepis
TARA_AON_82_MAG_00299	.	.	.	Haptophyceae	.	Prymnesiales	Prymnesiaceae	Prymnesium	Prymnesium polylepis
TARA_PSW_86_MAG_00298	Metazoa	Opisthokonta	Arthropoda	Hexanauplia	Copepoda	Harpacticoida	Harpacticidae	Tigriopus	Tigriopus californicus
TARA_PON_109_MAG_00231	.	.	.	Haptophyceae	.	Prymnesiales	Prymnesiaceae	Prymnesium	Prymnesium polylepis
TARA_ION_45_MAG_00201	.	.	.	Haptophyceae	.	Prymnesiales	Prymnesiaceae	Chrysochromulina	Chrysochromulina rotalis
TARA_ARC_108_MAG_00269	.	.	Bacillariophyta	Coscinodiscophyceae	Thalassiosirophycidae	Thalassiosirales	Thalassiosiraceae	Thalassiosira	Thalassiosira antarctica
TARA_ARC_108_MAG_00255	Metazoa	Opisthokonta	Chordata	Choanoflagellata	.	Acanthoecida	Acanthoecidae	Acanthoeca	Salpingoeca rosetta
Metagenome_centric_SAG_TOSAG47_7	.	Sar	.	Dinophyceae	.	Syndiniales	Amoebophryaceae	Amoebophrya	Amoebophrya sp.
Metagenome_centric_SAG_TOSAG41_1	.	Sar	Bacillariophyta	Coscinodiscophyceae	.	.	.	.	.
TARA_MED_95_MAG_00491	Metazoa	Opisthokonta	Arthropoda	Hexanauplia	Copepoda	Calanoida	Temoridae	Eurytemora	Eurytemora affinis
TARA_AOS_82_MAG_00131	Viridiplantae	.	Chlorophyta	Nephroselmidophyceae	.	Dolichomastigales	Pycnococcaceae	Pycnococcus	Nephroselmis pyriformis
TARA_PSE_93_MAG_00231	Metazoa	Opisthokonta	Arthropoda	Hexanauplia	Copepoda	Calanoida	Temoridae	Eurytemora	Eurytemora affinis
TARA_PSE_93_MAG_00212	.	Sar	.	Dinophyceae	.	Gonyaulacales	Gonyaulacaceae	Alexandrium	Alexandrium tamarense
TARA_MED_95_MAG_00432	Metazoa	Opisthokonta	Arthropoda	Hexanauplia	Copepoda	Harpacticoida	Harpacticidae	Tigriopus	Tigriopus californicus
TARA_ARC_108_MAG_00242	Metazoa	Opisthokonta	Cnidaria	Hydrozoa	Hydroidolina	Anthoathecata	Hydridae	Hydra	Hydra vulgaris
TARA_MED_95_MAG_00513	Metazoa	Opisthokonta	Arthropoda	Hexanauplia	Copepoda	Harpacticoida	Harpacticidae	Tigriopus	Tigriopus californicus
TARA_AOS_82_MAG_00132	.	Prymnesiophyceae	Haptista	Haptophyta	.	Isochrysidales	Isochrysidaceae	Isochrysis	Chrysotila carterae
TARA_SOC_28_MAG_00037	.	.	Bacillariophyta	Coscinodiscophyceae	Chaetocerotophycidae	Chaetocerotales	Chaetocerotaceae	Chaetoceros	Chaetoceros cf. neogracilis
TARA_ARC_108_MAG_00257	Metazoa	Opisthokonta	Chordata	Choanoflagellata	.	Acanthoecida	Acanthoecidae	Acanthoeca	Salpingoeca rosetta
TARA_AOS_82_MAG_00135	.	Sar	Bacillariophyta	Coscinodiscophyceae	Thalassiosirophycidae	Thalassiosirales	.	.	.
TARA_ION_45_MAG_00160	.	.	Bacillariophyta	Dictyochophyceae	.	Pedinellales	.	Florenciella	Florenciella parvula
TARA_AON_82_MAG_00342	Metazoa	Opisthokonta	Arthropoda	Hexanauplia	Copepoda	Harpacticoida	Harpacticidae	Tigriopus	Tigriopus californicus
TARA_PSW_86_MAG_00297	Metazoa	Opisthokonta	Arthropoda	Insecta	Pterygota	Hymenoptera	Formicidae	.	.
TARA_ARC_108_MAG_00223	Metazoa	Opisthokonta	Chordata	Mammalia	.	Rodentia	.	.	.
TARA_IOS_50_MAG_00167	Metazoa	Opisthokonta	Chordata	Mammalia	.	.	.	.	.
TARA_PSW_86_MAG_00106	Viridiplantae	.	Chlorophyta	Mamiellophyceae	.	Mamiellales	Mamiellaceae	Micromonas	Micromonas pusilla
TARA_PON_109_MAG_00254	Metazoa	Opisthokonta	Arthropoda	Hexanauplia	Copepoda	Calanoida	Temoridae	Eurytemora	Eurytemora affinis
TARA_AOS_82_MAG_00154	.	.	.	Haptophyceae	.	Phaeocystales	Phaeocystaceae	Phaeocystis	Phaeocystis antarctica
TARA_ION_45_MAG_00184	Metazoa	Opisthokonta	Arthropoda	Hexanauplia	Copepoda	Calanoida	Temoridae	Eurytemora	Eurytemora affinis
TARA_ARC_108_MAG_00237	.	Sar	.	Dictyochophyceae	.	Chattonellales	Chattonellaceae	Florenciella	Chattonella subsalsa
Metagenome_centric_SAG_TOSAG00_8	.	Sar	Bacillariophyta	Chrysophyceae	.	Chromulinales	Paraphysomonadaceae	Paraphysomonas	Paraphysomonas bandaiensis
TARA_ARC_108_MAG_00245	.	Sar	Bacillariophyta	Coscinodiscophyceae	Coscinodiscophycidae	Melosirales	Stephanopyxidaceae	Stephanopyxis	Stephanopyxis turris
TARA_PON_109_MAG_00233	Metazoa	Opisthokonta	Arthropoda	Hexanauplia	Copepoda	Calanoida	Temoridae	Eurytemora	Eurytemora affinis
TARA_PSE_93_MAG_00243	Metazoa	Opisthokonta	Arthropoda	Insecta	Pterygota	Hymenoptera	Formicidae	.	.
Metagenome_centric_SAG_TOSAG00_18	.	Sar	Bacillariophyta	Chrysophyceae	.	Chromulinales	Chromulinaceae	Paraphysomonas	Paraphysomonas bandaiensis
TARA_RED_19_MAG_00052	Metazoa	Opisthokonta	Arthropoda	Hexanauplia	Copepoda	Calanoida	Temoridae	Eurytemora	Eurytemora affinis
Metagenome_centric_SAG_TOSAG41_5	.	Sar	Bacillariophyta	Chrysophyceae	.	Chromulinales	Chromulinaceae	Ochromonas	Paraphysomonas bandaiensis
TARA_ARC_108_MAG_00138	.	.	Bacillariophyta	Coscinodiscophyceae	Thalassiosirophycidae	Thalassiosirales	Skeletonemataceae	Skeletonema	Skeletonema costatum
TARA_AON_82_MAG_00324	Metazoa	Opisthokonta	Arthropoda	Hexanauplia	Copepoda	Calanoida	Temoridae	Eurytemora	Eurytemora affinis
TARA_SOC_28_MAG_00077	.	.	Bacillariophyta	Coscinodiscophyceae	Chaetocerotophycidae	Chaetocerotales	Chaetocerotaceae	Chaetoceros	Chaetoceros neogracilis
TARA_AON_82_MAG_00160	.	Sar	Bacillariophyta	Coscinodiscophyceae	.	.	.	.	.
TARA_ARC_108_MAG_00320	.	.	.	Haptophyceae	.	Prymnesiales	Prymnesiaceae	Haptolina	Chrysochromulina rotalis
TARA_ARC_108_MAG_00260	Metazoa	Opisthokonta	Chordata	Choanoflagellata	.	Acanthoecida	Acanthoecidae	Acanthoeca	Salpingoeca rosetta
TARA_SOC_28_MAG_00073	.	Sar	Ciliophora	Spirotrichea	Choreotrichia	Tintinnida	Rhabdonellidae	Schmidingerella	Schmidingerella taraikaensis
Metagenome_centric_SAG_TOSAG00_13	.	Sar	Bacillariophyta	Coscinodiscophyceae	.	.	.	.	.
TARA_PSW_86_MAG_00311	Metazoa	Opisthokonta	Arthropoda	Hexanauplia	Copepoda	Calanoida	Temoridae	Eurytemora	Eurytemora affinis
TARA_MED_95_MAG_00490	Metazoa	Opisthokonta	Arthropoda	Hexanauplia	Copepoda	Calanoida	Temoridae	Eurytemora	Eurytemora affinis
TARA_ION_45_MAG_00146	.	.	Bacillariophyta	Coscinodiscophyceae	Coscinodiscophycidae	Melosirales	Stephanopyxidaceae	Stephanopyxis	Stephanopyxis turris
TARA_IOS_50_MAG_00164	Metazoa	Opisthokonta	Arthropoda	Hexanauplia	Copepoda	Harpacticoida	Harpacticidae	Tigriopus	Tigriopus californicus
TARA_MED_95_MAG_00216	Viridiplantae	.	Chlorophyta	Mamiellophyceae	.	Dolichomastigales	Mamiellaceae	Dolichomastix	Dolichomastix tenuilepis
TARA_PSW_86_MAG_00302	.	.	.	Haptophyceae	.	Prymnesiales	Chrysochromulinaceae	Chrysochromulina	Chrysochromulina rotalis
TARA_SOC_28_MAG_00069	.	.	Bacillariophyta	Dictyochophyceae	.	Florenciellales	.	Florenciella	Florenciella parvula
TARA_MED_95_MAG_00444	.	.	.	Haptophyceae	.	Prymnesiales	Prymnesiaceae	Haptolina	Chrysochromulina rotalis
TARA_ARC_108_MAG_00287	Metazoa	Opisthokonta	Arthropoda	Hexanauplia	Copepoda	Harpacticoida	Harpacticidae	Tigriopus	Tigriopus californicus
TARA_AOS_82_MAG_00180	Metazoa	Opisthokonta	Arthropoda	Hexanauplia	Copepoda	Harpacticoida	Harpacticidae	Tigriopus	Tigriopus californicus
TARA_ARC_108_MAG_00297	Metazoa	Opisthokonta	Arthropoda	Hexanauplia	Copepoda	Harpacticoida	Harpacticidae	Tigriopus	Tigriopus californicus
TARA_PSE_93_MAG_00224	.	.	.	Haptophyceae	.	Prymnesiales	Prymnesiaceae	Prymnesium	Prymnesium polylepis
TARA_ARC_108_MAG_00165	.	.	Bacillariophyta	Fragilariophyceae	Fragilariophycidae	Fragilariales	Fragilariaceae	Synedropsis	Synedropsis cf. recta
TARA_AON_82_MAG_00338	.	.	Bacillariophyta	Mediophyceae	Cymatosirophycidae	Cymatosirales	Cymatosiraceae	Minutocellus	Minutocellus polymorphus
Metagenome_centric_SAG_TOSAG41_19	.	Sar	Bacillariophyta	Coscinodiscophyceae	.	.	.	.	.
TARA_IOS_50_MAG_00115	.	.	Bacillariophyta	Bacillariophyceae	.	Bacillariales	Bacillariaceae	Pseudo-nitzschia	Pseudo-nitzschia fraudulenta
TARA_AOS_82_MAG_00183	.	.	.	Haptophyceae	.	Phaeocystales	Phaeocystaceae	Phaeocystis	Phaeocystis antarctica
TARA_MED_95_MAG_00390	Viridiplantae	.	Chlorophyta	Mamiellophyceae	.	Mamiellales	Mamiellaceae	Micromonas	Micromonas pusilla
TARA_PSE_93_MAG_00223	Metazoa	Opisthokonta	Arthropoda	Hexanauplia	Copepoda	Calanoida	Temoridae	Eurytemora	Eurytemora affinis
TARA_SOC_28_MAG_00080	.	Sar	Ciliophora	Spirotrichea	Choreotrichia	Tintinnida	Oxytrichidae	Schmidingerella	Schmidingerella taraikaensis
TARA_MED_95_MAG_00448	Metazoa	Opisthokonta	Arthropoda	Hexanauplia	Copepoda	Calanoida	Temoridae	Eurytemora	Eurytemora affinis
TARA_ARC_108_MAG_00266	.	Sar	Bacillariophyta	Coscinodiscophyceae	.	.	.	.	.
TARA_ARC_108_MAG_00314	.	.	.	Haptophyceae	.	Prymnesiales	Prymnesiaceae	Prymnesium	Prymnesium polylepis
TARA_PSW_86_MAG_00289	Viridiplantae	.	Chlorophyta	Mamiellophyceae	.	Mamiellales	Mamiellaceae	Micromonas	Micromonas pusilla
TARA_ARC_108_MAG_00263	.	.	.	Pelagophyceae	.	Pelagomonadales	.	Pelagococcus	Pelagococcus subviridis
TARA_ARC_108_MAG_00254	Metazoa	Opisthokonta	Arthropoda	Insecta	Pterygota	Diptera	.	.	.
TARA_SOC_28_MAG_00068	.	.	Bacillariophyta	Labyrinthulomycetes	.	.	Thraustochytriaceae	Aplanochytrium	Schizochytrium aggregatum
TARA_ION_45_MAG_00147	.	Sar	.	Bigyra	.	Bicosoecida	Cafeteriaceae	Cafeteria	Cafeteria roenbergensis
TARA_AON_82_MAG_00313	.	Sar	.	Dinophyceae	.	Gonyaulacales	Gonyaulacaceae	Alexandrium	Lingulodinium polyedra
TARA_AON_82_MAG_00337	.	.	.	Haptophyceae	.	Phaeocystales	Phaeocystaceae	Phaeocystis	Phaeocystis antarctica
TARA_PSE_93_MAG_00219	.	.	.	Haptophyceae	.	Prymnesiales	Prymnesiaceae	Prymnesium	Prymnesium polylepis
TARA_ION_45_MAG_00168	.	.	.	Haptophyceae	.	Phaeocystales	Phaeocystaceae	Phaeocystis	Phaeocystis antarctica
TARA_ION_45_MAG_00163	Viridiplantae	.	Chlorophyta	Mamiellophyceae	.	Dolichomastigales	Dolichomastigaceae	Dolichomastix	Dolichomastix tenuilepis
TARA_AOS_82_MAG_00188	Metazoa	Opisthokonta	Arthropoda	Hexanauplia	Copepoda	Harpacticoida	Harpacticidae	Tigriopus	Tigriopus californicus
TARA_PSE_93_MAG_00246	Metazoa	Opisthokonta	Arthropoda	Hexanauplia	Copepoda	Harpacticoida	Harpacticidae	Tigriopus	Tigriopus californicus
TARA_MED_95_MAG_00515	.	.	.	Haptophyceae	.	Prymnesiales	Prymnesiaceae	Prymnesium	Prymnesium polylepis
TARA_PSE_93_MAG_00141	Viridiplantae	.	Chlorophyta	Mamiellophyceae	.	Dolichomastigales	Mamiellaceae	Dolichomastix	Dolichomastix tenuilepis
TARA_ION_45_MAG_00194	.	.	.	Chrysophyceae	.	Chromulinales	Paraphysomonadaceae	Paraphysomonas	Paraphysomonas bandaiensis
TARA_MED_95_MAG_00501	Metazoa	Opisthokonta	Arthropoda	Hexanauplia	Copepoda	Harpacticoida	Harpacticidae	Tigriopus	Tigriopus californicus
TARA_MED_95_MAG_00459	Metazoa	Opisthokonta	Arthropoda	Hexanauplia	Copepoda	Calanoida	Temoridae	Eurytemora	Eurytemora affinis
TARA_ARC_108_MAG_00229	Metazoa	Opisthokonta	Arthropoda	Hexanauplia	Copepoda	Calanoida	Temoridae	Eurytemora	Eurytemora affinis
TARA_IOS_50_MAG_00146	Metazoa	Opisthokonta	Arthropoda	Hexanauplia	Copepoda	Harpacticoida	Harpacticidae	Tigriopus	Tigriopus californicus
Metagenome_centric_SAG_TOSAG00_1	.	Sar	Bacillariophyta	Dictyochophyceae	.	Pedinellales	.	Florenciella	Pteridomonas danica
TARA_PSE_93_MAG_00233	Metazoa	Opisthokonta	Arthropoda	Hexanauplia	Copepoda	Calanoida	Temoridae	Eurytemora	Eurytemora affinis
TARA_MED_95_MAG_00495	Metazoa	Opisthokonta	Arthropoda	Hexanauplia	Copepoda	Harpacticoida	Harpacticidae	Tigriopus	Tigriopus californicus
TARA_ION_45_MAG_00192	Metazoa	Opisthokonta	Chordata	Mammalia	.	.	.	.	.
TARA_ARC_108_MAG_00253	.	.	Bacillariophyta	Coscinodiscophyceae	Thalassiosirophycidae	Thalassiosirales	Skeletonemataceae	Skeletonema	Skeletonema costatum
TARA_ION_45_MAG_00171	Metazoa	Opisthokonta	Arthropoda	Hexanauplia	Copepoda	Harpacticoida	Harpacticidae	Tigriopus	Tigriopus californicus
Metagenome_centric_SAG_TOSAG00_7	.	Sar	Bacillariophyta	Coscinodiscophyceae	Coscinodiscophycidae	Melosirales	Stephanopyxidaceae	Stephanopyxis	Stephanopyxis turris
TARA_SOC_28_MAG_00056	.	.	.	Haptophyceae	.	Phaeocystales	Phaeocystaceae	Phaeocystis	Phaeocystis antarctica
TARA_ARC_108_MAG_00295	Metazoa	Opisthokonta	Arthropoda	Hexanauplia	Copepoda	Calanoida	Temoridae	Eurytemora	Eurytemora affinis
TARA_ION_45_MAG_00195	Metazoa	Opisthokonta	Arthropoda	Insecta	Pterygota	Hymenoptera	Formicidae	.	.
TARA_ARC_108_MAG_00298	.	Sar	Ciliophora	Spirotrichea	Choreotrichia	Tintinnida	Oxytrichidae	Schmidingerella	Schmidingerella taraikaensis
TARA_PON_109_MAG_00252	Metazoa	Opisthokonta	Arthropoda	Hexanauplia	Copepoda	Harpacticoida	Harpacticidae	Tigriopus	Tigriopus californicus
TARA_SOC_28_MAG_00078	.	Sar	.	Dinophyceae	.	Gonyaulacales	Gonyaulacaceae	Alexandrium	Lingulodinium polyedra
TARA_PSW_86_MAG_00276	.	.	Bacillariophyta	Coscinodiscophyceae	Thalassiosirophycidae	Thalassiosirales	Thalassiosiraceae	Thalassiosira	Detonula confervacea
TARA_PSW_86_MAG_00305	Metazoa	Opisthokonta	Arthropoda	Hexanauplia	Copepoda	Calanoida	Temoridae	Eurytemora	Eurytemora affinis
TARA_ARC_108_MAG_00299	.	.	.	Spirotrichea	Choreotrichia	Tintinnida	Pseudokeronopsidae	Pseudokeronopsis	Strombidium inclinatum
TARA_ARC_108_MAG_00308	Metazoa	Opisthokonta	Arthropoda	Insecta	Pterygota	Diptera	.	.	.
TARA_PSE_93_MAG_00218	.	.	.	Haptophyceae	.	Prymnesiales	Prymnesiaceae	Haptolina	Chrysochromulina rotalis
Metagenome_centric_SAG_TOSAG23_30	.	Sar	Bacillariophyta	Chrysophyceae	.	Chromulinales	Chromulinaceae	Paraphysomonas	Paraphysomonas bandaiensis
TARA_PON_109_MAG_00229	.	.	.	Haptophyceae	.	Prymnesiales	Prymnesiaceae	Haptolina	Haptolina brevifila
TARA_ARC_108_MAG_00147	.	Sar	Bacillariophyta	Dictyochophyceae	.	Florenciellales	.	Florenciella	Florenciella parvula
TARA_PSE_93_MAG_00256	Metazoa	Opisthokonta	Arthropoda	Hexanauplia	Copepoda	Calanoida	Temoridae	Eurytemora	Eurytemora affinis
